ResourceID,External_Identifier_Type,NMRW_External_Xref,External_Source,ResourceID
003e21f5-f907-4f5e-a246-5bce227e8102,UKHO ID,7441,UK Hydrographic Office,003e21f5-f907-4f5e-a246-5bce227e8102
0118b693-dee7-435c-8c80-ac7c52f9a835,UKHO ID,12038,UK Hydrographic Office,0118b693-dee7-435c-8c80-ac7c52f9a835
02546a30-5141-4b93-9df2-639e9807e099,UKHO ID,12482,UK Hydrographic Office,02546a30-5141-4b93-9df2-639e9807e099
0256f9a1-390a-43b0-97c2-ebef0d9c7e7f,UKHO ID,9951,UK Hydrographic Office,0256f9a1-390a-43b0-97c2-ebef0d9c7e7f
0272645e-089e-4d09-bb32-506703df9a63,UKHO ID,12081,UK Hydrographic Office,0272645e-089e-4d09-bb32-506703df9a63
028c5cee-597f-4d16-982b-76dd8200feb8,UKHO ID,12309,UK Hydrographic Office,028c5cee-597f-4d16-982b-76dd8200feb8
039d3c05-abc1-4bdb-affd-de0660ce9eb2,UKHO ID,7951,UK Hydrographic Office,039d3c05-abc1-4bdb-affd-de0660ce9eb2
040d7d94-d29b-46ad-9edc-53f793879035,UKHO ID,10068,UK Hydrographic Office,040d7d94-d29b-46ad-9edc-53f793879035
0478c21c-a2a8-42f5-8ab1-ea395b88fa5d,UKHO ID,12431,UK Hydrographic Office,0478c21c-a2a8-42f5-8ab1-ea395b88fa5d
048674ba-c5a3-4945-a09b-503e44b3bfd4,UKHO ID,57741,UK Hydrographic Office,048674ba-c5a3-4945-a09b-503e44b3bfd4
04f6dbfd-1fb9-4386-aaf9-3ef02d4eb46e,UKHO ID,11657,UK Hydrographic Office,04f6dbfd-1fb9-4386-aaf9-3ef02d4eb46e
05969ecb-fc38-4bcf-97ba-6d7abad065b6,UKHO ID,7431,UK Hydrographic Office,05969ecb-fc38-4bcf-97ba-6d7abad065b6
06f29ab6-2e7f-43cc-ae82-b51f53a47e46,UKHO ID,10010,UK Hydrographic Office,06f29ab6-2e7f-43cc-ae82-b51f53a47e46
07a717ee-441b-4035-addc-bc63fdf14213,UKHO ID,12121,UK Hydrographic Office,07a717ee-441b-4035-addc-bc63fdf14213
07b07b3c-1b0c-42d3-94ee-75ce596ea922,UKHO ID,12076,UK Hydrographic Office,07b07b3c-1b0c-42d3-94ee-75ce596ea922
0819a923-7cc1-4b75-acb9-540cf66510a8,UKHO ID,12347,UK Hydrographic Office,0819a923-7cc1-4b75-acb9-540cf66510a8
08624bf2-9992-4ce1-89a6-c8529b341d96,UKHO ID,12495,UK Hydrographic Office,08624bf2-9992-4ce1-89a6-c8529b341d96
092d7d16-197e-4bf0-944d-1cf668123d88,UKHO ID,9880,UK Hydrographic Office,092d7d16-197e-4bf0-944d-1cf668123d88
096e5638-9142-4056-af30-bdb3cb4433a0,UKHO ID,58576,UK Hydrographic Office,096e5638-9142-4056-af30-bdb3cb4433a0
09d0c436-bcf7-49d2-b34f-b854e863791d,UKHO ID,9977,UK Hydrographic Office,09d0c436-bcf7-49d2-b34f-b854e863791d
0a7d73ae-85d5-4adb-843e-f136c89e316c,UKHO ID,10026,UK Hydrographic Office,0a7d73ae-85d5-4adb-843e-f136c89e316c
0ae4a874-1385-4499-8c53-7b1190733521,UKHO ID,11902,UK Hydrographic Office,0ae4a874-1385-4499-8c53-7b1190733521
0b0d4c6b-4a0d-4e7d-8854-bad4a94fefa5,UKHO ID,12283,UK Hydrographic Office,0b0d4c6b-4a0d-4e7d-8854-bad4a94fefa5
0b44a216-27c4-41b9-b9d6-058a6559d4e9,UKHO ID,7225,UK Hydrographic Office,0b44a216-27c4-41b9-b9d6-058a6559d4e9
0b44b291-db46-4084-bb54-8fe6076fc286,UKHO ID,7496,UK Hydrographic Office,0b44b291-db46-4084-bb54-8fe6076fc286
0b5fe929-c5fa-4f89-8220-dc0080bd896a,UKHO ID,10047,UK Hydrographic Office,0b5fe929-c5fa-4f89-8220-dc0080bd896a
0b9b69c8-d10c-43a3-b5b7-59856b6c9bde,UKHO ID,9853,UK Hydrographic Office,0b9b69c8-d10c-43a3-b5b7-59856b6c9bde
0c0c0ee2-b369-4f51-8212-68fe1025becd,UKHO ID,7466,UK Hydrographic Office,0c0c0ee2-b369-4f51-8212-68fe1025becd
0c1180ee-5f24-4e0b-ba5d-967e938ec71e,UKHO ID,9850,UK Hydrographic Office,0c1180ee-5f24-4e0b-ba5d-967e938ec71e
0c1e56c6-d389-4543-ba82-bfe2b31e407d,UKHO ID,12154,UK Hydrographic Office,0c1e56c6-d389-4543-ba82-bfe2b31e407d
0c23ef6b-630d-4c06-93ae-81d3847f1cb3,UKHO ID,16128,UK Hydrographic Office,0c23ef6b-630d-4c06-93ae-81d3847f1cb3
0c559d38-3cf0-4522-a244-107430900e7e,UKHO ID,8222,UK Hydrographic Office,0c559d38-3cf0-4522-a244-107430900e7e
0c75231d-cdaa-4ed0-9e85-4d75a682fd90,UKHO ID,7188,UK Hydrographic Office,0c75231d-cdaa-4ed0-9e85-4d75a682fd90
0d46e463-e2f9-497c-b34b-066f0c909094,UKHO ID,12471,UK Hydrographic Office,0d46e463-e2f9-497c-b34b-066f0c909094
0dabed56-dd8a-402b-8582-1fabdd1adc33,UKHO ID,12113,UK Hydrographic Office,0dabed56-dd8a-402b-8582-1fabdd1adc33
0dbf92d7-7175-44b8-b4cb-9bbfb4c364a0,UKHO ID,9925,UK Hydrographic Office,0dbf92d7-7175-44b8-b4cb-9bbfb4c364a0
0e000708-ae32-4c3a-a2ab-651b7943dd04,UKHO ID,10031,UK Hydrographic Office,0e000708-ae32-4c3a-a2ab-651b7943dd04
0e6d710e-70c0-4b5f-a4cc-d659732e4b3c,UKHO ID,9914,UK Hydrographic Office,0e6d710e-70c0-4b5f-a4cc-d659732e4b3c
0ea11f58-3b65-4a86-b7af-8d241bf161e8,UKHO ID,57798,UK Hydrographic Office,0ea11f58-3b65-4a86-b7af-8d241bf161e8
0ece1808-372b-40b2-9a4f-c6c20e6f2742,UKHO ID,7711,UK Hydrographic Office,0ece1808-372b-40b2-9a4f-c6c20e6f2742
0f6bef0a-3bd8-47e2-87e5-e50157bb0c5f,UKHO ID,10110,UK Hydrographic Office,0f6bef0a-3bd8-47e2-87e5-e50157bb0c5f
0f71e1d9-43c0-49a0-875d-3bcfe9d6a4c0,UKHO ID,7360,UK Hydrographic Office,0f71e1d9-43c0-49a0-875d-3bcfe9d6a4c0
0f8335de-624d-4df9-8189-43abb42cce8f,UKHO ID,11643,UK Hydrographic Office,0f8335de-624d-4df9-8189-43abb42cce8f
101c3eb8-f9d3-4833-bc8d-183b1ef88486,UKHO ID,10116,UK Hydrographic Office,101c3eb8-f9d3-4833-bc8d-183b1ef88486
10676bfc-ff0a-4848-9a4e-93106eb80c45,UKHO ID,7153,UK Hydrographic Office,10676bfc-ff0a-4848-9a4e-93106eb80c45
10983eaa-80f4-44d9-969a-6726f0447256,UKHO ID,8155,UK Hydrographic Office,10983eaa-80f4-44d9-969a-6726f0447256
10ee8f29-7478-4423-88fe-b50a9d1c0e6a,UKHO ID,12139,UK Hydrographic Office,10ee8f29-7478-4423-88fe-b50a9d1c0e6a
11175d55-5f62-4a5c-a086-a65e9efce6d1,UKHO ID,10105,UK Hydrographic Office,11175d55-5f62-4a5c-a086-a65e9efce6d1
115ef95c-a0ce-4a9f-b6c7-c45c65eff34d,UKHO ID,12587,UK Hydrographic Office,115ef95c-a0ce-4a9f-b6c7-c45c65eff34d
11ac638b-cb9a-4918-bef9-2443b3ac3c28,UKHO ID,8231,UK Hydrographic Office,11ac638b-cb9a-4918-bef9-2443b3ac3c28
1240f262-b5e8-4546-9b38-d7e1153efc55,UKHO ID,12074,UK Hydrographic Office,1240f262-b5e8-4546-9b38-d7e1153efc55
1270595e-ba16-4304-a23d-c849da1713fb,UKHO ID,7347,UK Hydrographic Office,1270595e-ba16-4304-a23d-c849da1713fb
12b7f0c8-91bc-4c0a-b22a-a5ab3eed51a6,UKHO ID,10102,UK Hydrographic Office,12b7f0c8-91bc-4c0a-b22a-a5ab3eed51a6
12f14529-2b73-4908-b0ae-88c2f7b7859b,UKHO ID,9932,UK Hydrographic Office,12f14529-2b73-4908-b0ae-88c2f7b7859b
13011bca-2cdf-48ba-8b46-9c4158ccd1f9,UKHO ID,12453,UK Hydrographic Office,13011bca-2cdf-48ba-8b46-9c4158ccd1f9
1344aa6e-e37a-4c70-b175-c5879166bab1,UKHO ID,58682,UK Hydrographic Office,1344aa6e-e37a-4c70-b175-c5879166bab1
14014d3c-8042-4c58-bcf3-47bafd8310fc,UKHO ID,11674,UK Hydrographic Office,14014d3c-8042-4c58-bcf3-47bafd8310fc
143d8c12-2d5b-42d3-a39b-c2b5bcfe84b9,UKHO ID,7353,UK Hydrographic Office,143d8c12-2d5b-42d3-a39b-c2b5bcfe84b9
147de7df-51c2-4db8-af83-3759d3c8a62b,UKHO ID,11897,UK Hydrographic Office,147de7df-51c2-4db8-af83-3759d3c8a62b
14f31933-e93b-478e-8614-559442797781,UKHO ID,62448,UK Hydrographic Office,14f31933-e93b-478e-8614-559442797781
151472a6-32c1-4c5a-ab67-4e7e57144c43,UKHO ID,10007,UK Hydrographic Office,151472a6-32c1-4c5a-ab67-4e7e57144c43
157d1f49-0949-4086-ac54-c1ea6a5f344a,UKHO ID,10008,UK Hydrographic Office,157d1f49-0949-4086-ac54-c1ea6a5f344a
15b94de4-4937-4748-9433-4316228b1a8d,UKHO ID,10100,UK Hydrographic Office,15b94de4-4937-4748-9433-4316228b1a8d
15de158a-ccc1-48e9-ad7e-a14fbe50f34e,UKHO ID,8157,UK Hydrographic Office,15de158a-ccc1-48e9-ad7e-a14fbe50f34e
162e5670-047d-4e50-94d2-80ad954965f4,UKHO ID,11965,UK Hydrographic Office,162e5670-047d-4e50-94d2-80ad954965f4
17093a59-81e8-4a32-b24f-4a51d68c2f39,UKHO ID,10028,UK Hydrographic Office,17093a59-81e8-4a32-b24f-4a51d68c2f39
17d22c33-4983-4f9b-ae2a-458da4c51b30,UKHO ID,7030,UK Hydrographic Office,17d22c33-4983-4f9b-ae2a-458da4c51b30
17e005b3-52ff-438e-8c55-56997493b281,UKHO ID,12152,UK Hydrographic Office,17e005b3-52ff-438e-8c55-56997493b281
18148481-852c-421a-91b0-05c951d3eced,UKHO ID,10061,UK Hydrographic Office,18148481-852c-421a-91b0-05c951d3eced
182c231a-ac65-449c-bc3f-d90e918b31a7,UKHO ID,12485,UK Hydrographic Office,182c231a-ac65-449c-bc3f-d90e918b31a7
1895ebef-fedb-4661-bd08-bfbf961e0cc3,UKHO ID,7265,UK Hydrographic Office,1895ebef-fedb-4661-bd08-bfbf961e0cc3
18bdf87f-4387-422b-980d-4471d0d76a32,UKHO ID,12584,UK Hydrographic Office,18bdf87f-4387-422b-980d-4471d0d76a32
18d2b897-3c35-4d20-875c-e3b49b724d80,UKHO ID,12132,UK Hydrographic Office,18d2b897-3c35-4d20-875c-e3b49b724d80
1901bfc1-a3df-41b3-affa-1116f06ade61,UKHO ID,58707,UK Hydrographic Office,1901bfc1-a3df-41b3-affa-1116f06ade61
1916be05-330b-4d4a-9707-d4b51f6dd0eb,UKHO ID,12459,UK Hydrographic Office,1916be05-330b-4d4a-9707-d4b51f6dd0eb
192fb88f-fdb5-4c37-9570-ac6a996f959d,UKHO ID,10079,UK Hydrographic Office,192fb88f-fdb5-4c37-9570-ac6a996f959d
1a022b16-c767-4f80-b683-afb00df6f83d,UKHO ID,9902,UK Hydrographic Office,1a022b16-c767-4f80-b683-afb00df6f83d
1a120771-9ea3-4456-8784-1a2a399d4309,UKHO ID,7293,UK Hydrographic Office,1a120771-9ea3-4456-8784-1a2a399d4309
1a2add04-2d11-4535-bc51-151aaa10b777,UKHO ID,12449,UK Hydrographic Office,1a2add04-2d11-4535-bc51-151aaa10b777
1ac44b58-2ce3-4703-aec2-58bb7d36297c,UKHO ID,12116,UK Hydrographic Office,1ac44b58-2ce3-4703-aec2-58bb7d36297c
1b1c93c5-b368-4602-b9ec-10ade5fdd419,UKHO ID,11654,UK Hydrographic Office,1b1c93c5-b368-4602-b9ec-10ade5fdd419
1b2be4bf-b427-4884-af98-efd902fd53bc,UKHO ID,12149,UK Hydrographic Office,1b2be4bf-b427-4884-af98-efd902fd53bc
1cf3c843-3af4-467e-88b0-848ffca75022,UKHO ID,9989,UK Hydrographic Office,1cf3c843-3af4-467e-88b0-848ffca75022
1e3eca7c-9984-4c16-b1c8-0dd3d080e1d9,UKHO ID,7175,UK Hydrographic Office,1e3eca7c-9984-4c16-b1c8-0dd3d080e1d9
1f08e954-ef8b-404f-86ba-1365cd838372,UKHO ID,12521,UK Hydrographic Office,1f08e954-ef8b-404f-86ba-1365cd838372
2052b27f-e665-4937-9fcf-4d6cbdb1a7f5,UKHO ID,12140,UK Hydrographic Office,2052b27f-e665-4937-9fcf-4d6cbdb1a7f5
2057a444-ac7d-4a4b-87f2-dfe58f512bf5,UKHO ID,8139,UK Hydrographic Office,2057a444-ac7d-4a4b-87f2-dfe58f512bf5
20a46a51-206d-4999-9068-473badc1d302,UKHO ID,9864,UK Hydrographic Office,20a46a51-206d-4999-9068-473badc1d302
20fa968b-3fc5-464f-92fb-4d8141615df9,UKHO ID,11918,UK Hydrographic Office,20fa968b-3fc5-464f-92fb-4d8141615df9
21d3ed2d-e058-4b57-a01e-645038499872,UKHO ID,8211,UK Hydrographic Office,21d3ed2d-e058-4b57-a01e-645038499872
220472f9-071a-410d-8528-88c8d5339d7a,UKHO ID,7066,UK Hydrographic Office,220472f9-071a-410d-8528-88c8d5339d7a
2224de07-88dd-4d5a-aed1-59ced1403163,UKHO ID,10005,UK Hydrographic Office,2224de07-88dd-4d5a-aed1-59ced1403163
222a177c-6406-482a-b812-88e174e37462,UKHO ID,11973,UK Hydrographic Office,222a177c-6406-482a-b812-88e174e37462
22b64a2e-ac70-4d3a-8635-a1a43b7cfaa0,UKHO ID,6986,UK Hydrographic Office,22b64a2e-ac70-4d3a-8635-a1a43b7cfaa0
2306240c-9160-4f04-be5e-d90862be2cc5,UKHO ID,12086,UK Hydrographic Office,2306240c-9160-4f04-be5e-d90862be2cc5
23a187f5-cfee-47a0-b6c0-ccab94d89b35,UKHO ID,12024,UK Hydrographic Office,23a187f5-cfee-47a0-b6c0-ccab94d89b35
2424cf73-8586-4fe8-a66e-068115c4f7ff,UKHO ID,11639,UK Hydrographic Office,2424cf73-8586-4fe8-a66e-068115c4f7ff
24a7b3fa-9b7e-4918-823f-c5ca0224730c,UKHO ID,11977,UK Hydrographic Office,24a7b3fa-9b7e-4918-823f-c5ca0224730c
25b91e80-4abe-4eed-8d45-4265c7fc7d4f,UKHO ID,12483,UK Hydrographic Office,25b91e80-4abe-4eed-8d45-4265c7fc7d4f
25cd5355-5cd4-471e-95c9-efa8517f57d3,UKHO ID,11665,UK Hydrographic Office,25cd5355-5cd4-471e-95c9-efa8517f57d3
2681d462-58eb-4ae9-b974-22106e1f6434,UKHO ID,8240,UK Hydrographic Office,2681d462-58eb-4ae9-b974-22106e1f6434
26b2e6b1-22ea-4119-b1ec-1d113cff6412,UKHO ID,12073,UK Hydrographic Office,26b2e6b1-22ea-4119-b1ec-1d113cff6412
2729900f-2254-48b3-9545-9ff1124bdefd,UKHO ID,8131,UK Hydrographic Office,2729900f-2254-48b3-9545-9ff1124bdefd
2762c1ac-e2f5-411d-9c11-e505b6ae5685,UKHO ID,12512,UK Hydrographic Office,2762c1ac-e2f5-411d-9c11-e505b6ae5685
286f2e7d-13ac-475a-8e84-ec63329d256d,UKHO ID,11987,UK Hydrographic Office,286f2e7d-13ac-475a-8e84-ec63329d256d
28839871-204d-478e-844d-2fff4ec0027a,UKHO ID,9913,UK Hydrographic Office,28839871-204d-478e-844d-2fff4ec0027a
2889236e-1974-47c7-82e9-09b603a93bd7,UKHO ID,7929,UK Hydrographic Office,2889236e-1974-47c7-82e9-09b603a93bd7
28c23168-856d-4f05-97ed-9d8e7ea24d25,UKHO ID,9970,UK Hydrographic Office,28c23168-856d-4f05-97ed-9d8e7ea24d25
29767ef7-1ec4-4421-b8dc-d6c3f59ea71b,UKHO ID,10013,UK Hydrographic Office,29767ef7-1ec4-4421-b8dc-d6c3f59ea71b
299ac627-ce55-4de8-b5d0-a654175f08a3,UKHO ID,8179,UK Hydrographic Office,299ac627-ce55-4de8-b5d0-a654175f08a3
29bef9e4-4193-4281-a7ea-20b62911dccd,UKHO ID,7406,UK Hydrographic Office,29bef9e4-4193-4281-a7ea-20b62911dccd
2a58d809-09e6-4a47-ab90-6fe3f0feb5d4,UKHO ID,9957,UK Hydrographic Office,2a58d809-09e6-4a47-ab90-6fe3f0feb5d4
2a5a46cc-8de7-4366-92ef-ebe991706d69,UKHO ID,7913,UK Hydrographic Office,2a5a46cc-8de7-4366-92ef-ebe991706d69
2a9bcff5-0ee2-463e-b590-170b7ee6103b,UKHO ID,12084,UK Hydrographic Office,2a9bcff5-0ee2-463e-b590-170b7ee6103b
2ad49ee7-fb9b-42a8-ae0c-5dc3556e5109,UKHO ID,12524,UK Hydrographic Office,2ad49ee7-fb9b-42a8-ae0c-5dc3556e5109
2b55bad9-4914-4805-b6c5-484bf9bfdcd6,UKHO ID,12445,UK Hydrographic Office,2b55bad9-4914-4805-b6c5-484bf9bfdcd6
2b5aba31-3d4b-4c5f-87fe-a82d5e1695fc,UKHO ID,7880,UK Hydrographic Office,2b5aba31-3d4b-4c5f-87fe-a82d5e1695fc
2bd9ed2d-6705-4704-9bda-746bfbdbc0e0,UKHO ID,7550,UK Hydrographic Office,2bd9ed2d-6705-4704-9bda-746bfbdbc0e0
2be7927b-75b0-4419-84f9-4828d67da536,UKHO ID,58321,UK Hydrographic Office,2be7927b-75b0-4419-84f9-4828d67da536
2beafe1b-d114-400d-b93a-eb6bd5d2dae4,UKHO ID,12128,UK Hydrographic Office,2beafe1b-d114-400d-b93a-eb6bd5d2dae4
2bf3b5a5-0c8b-400e-baea-9bd34307d350,UKHO ID,9883,UK Hydrographic Office,2bf3b5a5-0c8b-400e-baea-9bd34307d350
2c30fa44-67d1-4768-b86a-a714fac5cb3b,UKHO ID,7157,UK Hydrographic Office,2c30fa44-67d1-4768-b86a-a714fac5cb3b
2c363994-1161-47fc-a428-4915c2501b76,UKHO ID,10074,UK Hydrographic Office,2c363994-1161-47fc-a428-4915c2501b76
2c4f14e6-63fe-4b38-b46e-57956166ff56,UKHO ID,7335,UK Hydrographic Office,2c4f14e6-63fe-4b38-b46e-57956166ff56
2d088401-ef53-4ef9-8dc5-933fc60509c9,UKHO ID,7361,UK Hydrographic Office,2d088401-ef53-4ef9-8dc5-933fc60509c9
2dc816c8-dcdd-48ce-9c7d-f62b84143dfb,UKHO ID,12440,UK Hydrographic Office,2dc816c8-dcdd-48ce-9c7d-f62b84143dfb
2f2d27dc-acde-4bcd-b0d3-8187aba27c41,UKHO ID,12442,UK Hydrographic Office,2f2d27dc-acde-4bcd-b0d3-8187aba27c41
2f4a4d4d-17c8-43b9-b1b9-9f1009983c65,UKHO ID,12001,UK Hydrographic Office,2f4a4d4d-17c8-43b9-b1b9-9f1009983c65
2f4ce4b4-fd1d-4a39-b1ce-cbee16922c3e,UKHO ID,7444,UK Hydrographic Office,2f4ce4b4-fd1d-4a39-b1ce-cbee16922c3e
2f4fbbe4-aaf5-46ad-84ec-9be4d07837a3,UKHO ID,11924,UK Hydrographic Office,2f4fbbe4-aaf5-46ad-84ec-9be4d07837a3
2f59e270-c473-43a2-b042-d255dbf3db0d,UKHO ID,12062,UK Hydrographic Office,2f59e270-c473-43a2-b042-d255dbf3db0d
2f9e3ceb-fdec-4055-b8c3-562b42266518,UKHO ID,8241,UK Hydrographic Office,2f9e3ceb-fdec-4055-b8c3-562b42266518
2fada031-0c34-489e-9d41-17e4a1fd602e,UKHO ID,7021,UK Hydrographic Office,2fada031-0c34-489e-9d41-17e4a1fd602e
2fcc7ce2-b05b-478f-ac68-96d1c6360567,UKHO ID,8209,UK Hydrographic Office,2fcc7ce2-b05b-478f-ac68-96d1c6360567
2fef499c-ab6c-4232-a24e-68fe73a20526,UKHO ID,12498,UK Hydrographic Office,2fef499c-ab6c-4232-a24e-68fe73a20526
3039997b-c43d-4f05-8718-24a12b264334,UKHO ID,7493,UK Hydrographic Office,3039997b-c43d-4f05-8718-24a12b264334
30522922-b135-4de5-8923-b8ba5f236de0,UKHO ID,12462,UK Hydrographic Office,30522922-b135-4de5-8923-b8ba5f236de0
306537d9-d3b4-45e6-9a23-d77be776526a,UKHO ID,12029,UK Hydrographic Office,306537d9-d3b4-45e6-9a23-d77be776526a
307843b4-eddc-43c8-ab7f-7ecadcb2208b,UKHO ID,12552,UK Hydrographic Office,307843b4-eddc-43c8-ab7f-7ecadcb2208b
3173bf4c-b802-4f37-8267-bd604b08828e,UKHO ID,9953,UK Hydrographic Office,3173bf4c-b802-4f37-8267-bd604b08828e
31835442-1e6f-4fde-973c-df58fba855ab,UKHO ID,6994,UK Hydrographic Office,31835442-1e6f-4fde-973c-df58fba855ab
31acb7ed-266f-4c5a-a7da-ae86932eedeb,UKHO ID,8236,UK Hydrographic Office,31acb7ed-266f-4c5a-a7da-ae86932eedeb
31b765a4-0cee-41f6-b552-e40da1554cab,UKHO ID,9896,UK Hydrographic Office,31b765a4-0cee-41f6-b552-e40da1554cab
31c884b9-c2b4-4d8f-928f-d7ff9b2b9b6a,UKHO ID,12545,UK Hydrographic Office,31c884b9-c2b4-4d8f-928f-d7ff9b2b9b6a
3218eabe-6918-4ea0-9f52-c7ea35734d08,UKHO ID,11666,UK Hydrographic Office,3218eabe-6918-4ea0-9f52-c7ea35734d08
32a058e2-49bb-4788-9dfc-bb11d6706d24,UKHO ID,12458,UK Hydrographic Office,32a058e2-49bb-4788-9dfc-bb11d6706d24
342c7b8a-1d79-45b5-986d-e98ef3aeb946,UKHO ID,12522,UK Hydrographic Office,342c7b8a-1d79-45b5-986d-e98ef3aeb946
34e762fd-74a6-4be6-9022-112a3efdeeaa,UKHO ID,7918,UK Hydrographic Office,34e762fd-74a6-4be6-9022-112a3efdeeaa
36d3c381-67ca-4ef7-9bf1-ff0fd0fb1b05,UKHO ID,12476,UK Hydrographic Office,36d3c381-67ca-4ef7-9bf1-ff0fd0fb1b05
372f4c20-7b9c-4f0e-ac45-7353a5a215d1,UKHO ID,7950,UK Hydrographic Office,372f4c20-7b9c-4f0e-ac45-7353a5a215d1
373c8a9c-5a67-4da3-9f99-fd7a16b2bbcd,UKHO ID,12477,UK Hydrographic Office,373c8a9c-5a67-4da3-9f99-fd7a16b2bbcd
37974082-2700-4907-8bcb-0a2247449793,UKHO ID,7390,UK Hydrographic Office,37974082-2700-4907-8bcb-0a2247449793
37e500b4-ad83-4a4a-828b-6da304a7a152,UKHO ID,12079,UK Hydrographic Office,37e500b4-ad83-4a4a-828b-6da304a7a152
3836c7b3-a594-42e4-9904-d1705b2468bd,UKHO ID,10033,UK Hydrographic Office,3836c7b3-a594-42e4-9904-d1705b2468bd
387f3dbf-6495-4ebe-8601-5857a83c49f5,UKHO ID,12011,UK Hydrographic Office,387f3dbf-6495-4ebe-8601-5857a83c49f5
389cffdd-409f-4cda-8811-4ca0dd820ff0,UKHO ID,16127,UK Hydrographic Office,389cffdd-409f-4cda-8811-4ca0dd820ff0
38c87f6c-92cd-4c1d-a5b6-e04bc9398259,UKHO ID,12321,UK Hydrographic Office,38c87f6c-92cd-4c1d-a5b6-e04bc9398259
38e4e94c-50bb-4883-8dfd-3a0d79f1c724,UKHO ID,58214,UK Hydrographic Office,38e4e94c-50bb-4883-8dfd-3a0d79f1c724
397bf11b-c077-471e-9c7a-ce5bb6e7453a,UKHO ID,12468,UK Hydrographic Office,397bf11b-c077-471e-9c7a-ce5bb6e7453a
3a42cb42-e0ac-4c70-a184-1c9042ed91a7,UKHO ID,10094,UK Hydrographic Office,3a42cb42-e0ac-4c70-a184-1c9042ed91a7
3ae8c22c-3acc-486d-bf43-3fd420f5ccf6,UKHO ID,12452,UK Hydrographic Office,3ae8c22c-3acc-486d-bf43-3fd420f5ccf6
3affed44-9421-42df-bd58-88730b884d04,UKHO ID,12089,UK Hydrographic Office,3affed44-9421-42df-bd58-88730b884d04
3b37b3a9-ec05-48d1-b75d-e709cab15db5,UKHO ID,7374,UK Hydrographic Office,3b37b3a9-ec05-48d1-b75d-e709cab15db5
3beea104-a3ca-45e6-ab83-41c8fc31fd49,UKHO ID,12490,UK Hydrographic Office,3beea104-a3ca-45e6-ab83-41c8fc31fd49
3c2399ca-1911-4c29-818e-e621e46ebc9e,UKHO ID,9855,UK Hydrographic Office,3c2399ca-1911-4c29-818e-e621e46ebc9e
3cc92ac9-2d94-420d-85d4-3325081d2235,UKHO ID,12156,UK Hydrographic Office,3cc92ac9-2d94-420d-85d4-3325081d2235
3d634e3c-3535-4b90-a399-4e33b8d65a7b,UKHO ID,8230,UK Hydrographic Office,3d634e3c-3535-4b90-a399-4e33b8d65a7b
3dc17411-ed72-4ac6-9e04-9c355ebfe891,UKHO ID,57613,UK Hydrographic Office,3dc17411-ed72-4ac6-9e04-9c355ebfe891
3de482ae-1e49-4146-8778-04a901596e2b,UKHO ID,7516,UK Hydrographic Office,3de482ae-1e49-4146-8778-04a901596e2b
3e2ecdd7-6881-4ff8-9e5d-051feb1311ab,UKHO ID,11943,UK Hydrographic Office,3e2ecdd7-6881-4ff8-9e5d-051feb1311ab
3f407ec4-5421-400d-a326-f833393e233c,UKHO ID,10072,UK Hydrographic Office,3f407ec4-5421-400d-a326-f833393e233c
4093d24d-4c4c-408f-9c15-c9ccb836d0c8,UKHO ID,7620,UK Hydrographic Office,4093d24d-4c4c-408f-9c15-c9ccb836d0c8
40b430cf-ec80-4aa0-909f-4d9f9d2de23b,UKHO ID,7463,UK Hydrographic Office,40b430cf-ec80-4aa0-909f-4d9f9d2de23b
41706f43-9060-4e8f-b3aa-4c08e09bf71e,UKHO ID,11985,UK Hydrographic Office,41706f43-9060-4e8f-b3aa-4c08e09bf71e
419d63b4-d34c-4961-a13b-8ba0aee0854e,UKHO ID,7326,UK Hydrographic Office,419d63b4-d34c-4961-a13b-8ba0aee0854e
41e47cb9-bec6-4699-b648-6e275293e6bb,UKHO ID,11908,UK Hydrographic Office,41e47cb9-bec6-4699-b648-6e275293e6bb
42189938-db12-4031-8c97-2d2925487968,UKHO ID,11993,UK Hydrographic Office,42189938-db12-4031-8c97-2d2925487968
43707499-281e-4a3b-82eb-504de51bcb67,UKHO ID,7345,UK Hydrographic Office,43707499-281e-4a3b-82eb-504de51bcb67
447e537b-2e33-4c01-897e-36b34b2ac619,UKHO ID,12056,UK Hydrographic Office,447e537b-2e33-4c01-897e-36b34b2ac619
448bf557-d27b-42bd-baf9-f574ec38235b,UKHO ID,10120,UK Hydrographic Office,448bf557-d27b-42bd-baf9-f574ec38235b
458fbf7d-9615-4bd8-ac41-c46e51d52ac9,UKHO ID,7415,UK Hydrographic Office,458fbf7d-9615-4bd8-ac41-c46e51d52ac9
46acd141-578c-4c57-9b12-47d45d305cdc,UKHO ID,8144,UK Hydrographic Office,46acd141-578c-4c57-9b12-47d45d305cdc
47413118-487b-448e-9e3f-de3cd1044b33,UKHO ID,12158,UK Hydrographic Office,47413118-487b-448e-9e3f-de3cd1044b33
48dd4c98-85be-45b8-b360-bb43e1ae72a1,UKHO ID,12281,UK Hydrographic Office,48dd4c98-85be-45b8-b360-bb43e1ae72a1
491c9b5d-0740-4781-b06d-dc54c66a30ec,UKHO ID,7502,UK Hydrographic Office,491c9b5d-0740-4781-b06d-dc54c66a30ec
493ca2f8-5427-43ea-8a57-a947559ea644,UKHO ID,12428,UK Hydrographic Office,493ca2f8-5427-43ea-8a57-a947559ea644
49940674-b1dc-4fcd-a790-04d07ce2750a,UKHO ID,11953,UK Hydrographic Office,49940674-b1dc-4fcd-a790-04d07ce2750a
49c4098d-cfe6-4893-b17f-b738b3d73126,UKHO ID,11905,UK Hydrographic Office,49c4098d-cfe6-4893-b17f-b738b3d73126
4a3485f6-8d48-4b08-a9b4-6109cc15cecb,UKHO ID,10058,UK Hydrographic Office,4a3485f6-8d48-4b08-a9b4-6109cc15cecb
4ad6bc9f-0582-4faf-92b0-fa97c513e3d5,UKHO ID,8200,UK Hydrographic Office,4ad6bc9f-0582-4faf-92b0-fa97c513e3d5
4b1cb742-917e-46ae-bfd4-ebd12ee6b904,UKHO ID,11659,UK Hydrographic Office,4b1cb742-917e-46ae-bfd4-ebd12ee6b904
4b244984-1e18-438d-82fc-983db0e4f393,UKHO ID,8204,UK Hydrographic Office,4b244984-1e18-438d-82fc-983db0e4f393
4b37e853-0264-4aa4-8bfb-dc72745098c3,UKHO ID,9892,UK Hydrographic Office,4b37e853-0264-4aa4-8bfb-dc72745098c3
4bc79cb9-2aa4-4c9c-bb4e-5156bd489232,UKHO ID,57907,UK Hydrographic Office,4bc79cb9-2aa4-4c9c-bb4e-5156bd489232
4c4ede2a-ebb9-490c-aac8-b3b9957b876c,UKHO ID,9972,UK Hydrographic Office,4c4ede2a-ebb9-490c-aac8-b3b9957b876c
4cb155ee-d724-48c8-ab82-962c51dd386d,UKHO ID,8213,UK Hydrographic Office,4cb155ee-d724-48c8-ab82-962c51dd386d
4cb7500d-7422-41fb-a573-8213cadb2704,UKHO ID,12530,UK Hydrographic Office,4cb7500d-7422-41fb-a573-8213cadb2704
4dd0ace4-d5d4-4f14-bcc2-d914efbcab8a,UKHO ID,9866,UK Hydrographic Office,4dd0ace4-d5d4-4f14-bcc2-d914efbcab8a
4e7267ae-4548-49e1-8842-bd918db4ffe4,UKHO ID,11684,UK Hydrographic Office,4e7267ae-4548-49e1-8842-bd918db4ffe4
4e9b0cfb-98bf-4814-a2a9-8c5cd4de03d6,UKHO ID,7059,UK Hydrographic Office,4e9b0cfb-98bf-4814-a2a9-8c5cd4de03d6
4fea67d7-962d-40aa-a25b-3d5e185d6b1b,UKHO ID,12026,UK Hydrographic Office,4fea67d7-962d-40aa-a25b-3d5e185d6b1b
514b4ff2-d43f-4e5b-8463-4793dd8943b9,UKHO ID,12005,UK Hydrographic Office,514b4ff2-d43f-4e5b-8463-4793dd8943b9
51b5f3fd-0127-4e9d-bd3c-ee49ca3ba7db,UKHO ID,12028,UK Hydrographic Office,51b5f3fd-0127-4e9d-bd3c-ee49ca3ba7db
51cde7c5-28c4-4e29-8c3e-d7eac65db4a4,UKHO ID,12008,UK Hydrographic Office,51cde7c5-28c4-4e29-8c3e-d7eac65db4a4
51f08892-d9d2-47e3-9dac-4564c91e529b,UKHO ID,7454,UK Hydrographic Office,51f08892-d9d2-47e3-9dac-4564c91e529b
52e9292a-36ea-48ad-a7a0-8fbf97de2616,UKHO ID,12450,UK Hydrographic Office,52e9292a-36ea-48ad-a7a0-8fbf97de2616
532c8b65-32fb-488f-8af0-aa107a251770,UKHO ID,11974,UK Hydrographic Office,532c8b65-32fb-488f-8af0-aa107a251770
53fba0e0-822b-4787-b3a9-c5d5320a837e,UKHO ID,10030,UK Hydrographic Office,53fba0e0-822b-4787-b3a9-c5d5320a837e
5401b8c7-2119-4713-b53f-638213b28dd9,UKHO ID,57740,UK Hydrographic Office,5401b8c7-2119-4713-b53f-638213b28dd9
54790406-56c1-462e-8179-a0114535decd,UKHO ID,12093,UK Hydrographic Office,54790406-56c1-462e-8179-a0114535decd
550e316a-e5dd-4ece-8498-80268e964b3d,UKHO ID,7049,UK Hydrographic Office,550e316a-e5dd-4ece-8498-80268e964b3d
55771291-6dde-4020-8442-69557bfddc86,UKHO ID,7965,UK Hydrographic Office,55771291-6dde-4020-8442-69557bfddc86
55930dec-2b95-4b57-a07c-2d16428d75ad,UKHO ID,12506,UK Hydrographic Office,55930dec-2b95-4b57-a07c-2d16428d75ad
55ade567-2bca-4af5-9cc6-571953267617,UKHO ID,12523,UK Hydrographic Office,55ade567-2bca-4af5-9cc6-571953267617
56d67031-ed3e-4016-a6bd-930038ddfc6a,UKHO ID,11958,UK Hydrographic Office,56d67031-ed3e-4016-a6bd-930038ddfc6a
573e1200-7d3a-447d-b432-6dd6dad601d9,UKHO ID,12159,UK Hydrographic Office,573e1200-7d3a-447d-b432-6dd6dad601d9
575fa8b3-4322-4fb7-91f1-4c948b8d671d,UKHO ID,12324,UK Hydrographic Office,575fa8b3-4322-4fb7-91f1-4c948b8d671d
57711347-651e-46b2-9b4d-34591450741e,UKHO ID,10071,UK Hydrographic Office,57711347-651e-46b2-9b4d-34591450741e
577f7bb0-4d9a-4d14-a05f-0766cb33516a,UKHO ID,9975,UK Hydrographic Office,577f7bb0-4d9a-4d14-a05f-0766cb33516a
5795a816-974c-4fb3-807a-5b8db14a7703,UKHO ID,12570,UK Hydrographic Office,5795a816-974c-4fb3-807a-5b8db14a7703
57a84614-9cc4-4021-9222-e1775ce3045b,UKHO ID,10104,UK Hydrographic Office,57a84614-9cc4-4021-9222-e1775ce3045b
58032d5b-9d78-49c1-afea-9db5aa8907fe,UKHO ID,12162,UK Hydrographic Office,58032d5b-9d78-49c1-afea-9db5aa8907fe
581fdb9b-78db-4e96-9a58-e5c24df488da,UKHO ID,8217,UK Hydrographic Office,581fdb9b-78db-4e96-9a58-e5c24df488da
5831937a-22c3-4552-a69d-c4dffae51c24,UKHO ID,12482,UK Hydrographic Office,5831937a-22c3-4552-a69d-c4dffae51c24
5841b755-fba6-439d-a517-90a57aa2de04,UKHO ID,7312,UK Hydrographic Office,5841b755-fba6-439d-a517-90a57aa2de04
588c29da-4a5d-4d77-a884-881dd749c888,UKHO ID,10115,UK Hydrographic Office,588c29da-4a5d-4d77-a884-881dd749c888
588c8c3e-d2cf-4cbe-bc72-b00c4bc127d5,UKHO ID,12274,UK Hydrographic Office,588c8c3e-d2cf-4cbe-bc72-b00c4bc127d5
588fcfd6-e2b1-4e83-8f3b-173afffbfed7,UKHO ID,12048,UK Hydrographic Office,588fcfd6-e2b1-4e83-8f3b-173afffbfed7
59b55920-0b5f-4338-bb5d-992350799e20,UKHO ID,7332,UK Hydrographic Office,59b55920-0b5f-4338-bb5d-992350799e20
5a683e7a-c677-45cd-9a1d-84860210b7b6,UKHO ID,10096,UK Hydrographic Office,5a683e7a-c677-45cd-9a1d-84860210b7b6
5b00da94-a570-421e-8e2e-298bf25b706b,UKHO ID,10014,UK Hydrographic Office,5b00da94-a570-421e-8e2e-298bf25b706b
5b5fd46b-5f3f-4d33-9719-75f4451afbc3,UKHO ID,12299,UK Hydrographic Office,5b5fd46b-5f3f-4d33-9719-75f4451afbc3
5bba2742-859e-423a-8de7-f479bdf67196,UKHO ID,12442,UK Hydrographic Office,5bba2742-859e-423a-8de7-f479bdf67196
5c8031d2-2188-4bcd-881b-45e36a83508d,UKHO ID,11991,UK Hydrographic Office,5c8031d2-2188-4bcd-881b-45e36a83508d
5c8d0260-2f01-4e50-8bc1-179ab36c5556,UKHO ID,12105,UK Hydrographic Office,5c8d0260-2f01-4e50-8bc1-179ab36c5556
5cbe8864-0aaa-4b54-a73f-265f2a5f6fe2,UKHO ID,7255,UK Hydrographic Office,5cbe8864-0aaa-4b54-a73f-265f2a5f6fe2
5cd9a5fb-e3f7-480f-850a-c3598d9b196e,UKHO ID,57907,UK Hydrographic Office,5cd9a5fb-e3f7-480f-850a-c3598d9b196e
5d1171f8-6f27-4931-beb7-3b10f21e420a,UKHO ID,10117,UK Hydrographic Office,5d1171f8-6f27-4931-beb7-3b10f21e420a
5d4009e3-2c9b-4a55-95e7-8b7031550cf7,UKHO ID,8202,UK Hydrographic Office,5d4009e3-2c9b-4a55-95e7-8b7031550cf7
5d544901-526a-471d-aba4-d3e33ba86284,UKHO ID,11819,UK Hydrographic Office,5d544901-526a-471d-aba4-d3e33ba86284
5e0e9ad0-f1b3-44b6-aa4c-cfcc1e47d189,UKHO ID,8321,UK Hydrographic Office,5e0e9ad0-f1b3-44b6-aa4c-cfcc1e47d189
5e47dc84-275c-4a15-af94-50751efd75bc,UKHO ID,7418,UK Hydrographic Office,5e47dc84-275c-4a15-af94-50751efd75bc
5e8b21cc-fd5d-4c73-8ff3-0feea4928770,UKHO ID,8323,UK Hydrographic Office,5e8b21cc-fd5d-4c73-8ff3-0feea4928770
5eba518b-e4e4-4268-8044-ff2407068208,UKHO ID,11909,UK Hydrographic Office,5eba518b-e4e4-4268-8044-ff2407068208
5ed443c1-f058-4d98-b231-7b2c0ac0885e,UKHO ID,9876,UK Hydrographic Office,5ed443c1-f058-4d98-b231-7b2c0ac0885e
5f42243f-f484-460b-90b8-ccb2d5d7c22e,UKHO ID,57742,UK Hydrographic Office,5f42243f-f484-460b-90b8-ccb2d5d7c22e
5fceee00-8310-4fdd-b9b0-ac77bd42af3a,UKHO ID,9922,UK Hydrographic Office,5fceee00-8310-4fdd-b9b0-ac77bd42af3a
5fd396bc-7526-48c4-979f-42d974f9996a,UKHO ID,8216,UK Hydrographic Office,5fd396bc-7526-48c4-979f-42d974f9996a
6016073a-2e4d-4336-ba39-4800a72987c7,UKHO ID,12272,UK Hydrographic Office,6016073a-2e4d-4336-ba39-4800a72987c7
604aa199-4c12-49b0-b77a-d495f857c485,UKHO ID,7155,UK Hydrographic Office,604aa199-4c12-49b0-b77a-d495f857c485
617fc592-3850-48aa-a8f9-14503bbbd362,UKHO ID,12438,UK Hydrographic Office,617fc592-3850-48aa-a8f9-14503bbbd362
6208e305-fb20-4d62-a938-bca45fc7cdad,UKHO ID,9954,UK Hydrographic Office,6208e305-fb20-4d62-a938-bca45fc7cdad
62832d58-1ee3-4f59-be71-6514b4a66591,UKHO ID,7403,UK Hydrographic Office,62832d58-1ee3-4f59-be71-6514b4a66591
6299d2a3-4adf-4b2e-8360-e819ace74f48,UKHO ID,7316,UK Hydrographic Office,6299d2a3-4adf-4b2e-8360-e819ace74f48
62f756e5-e4ab-494e-a563-feae0f6f6fe0,UKHO ID,57797,UK Hydrographic Office,62f756e5-e4ab-494e-a563-feae0f6f6fe0
644249c6-7715-4f88-908d-63a2ebc6d0a2,UKHO ID,7372,UK Hydrographic Office,644249c6-7715-4f88-908d-63a2ebc6d0a2
648f8524-f95f-44a9-8d8b-920d1bf465f1,UKHO ID,11919,UK Hydrographic Office,648f8524-f95f-44a9-8d8b-920d1bf465f1
64cdf09a-1374-4967-8fec-e320c9a3a6ac,UKHO ID,8224,UK Hydrographic Office,64cdf09a-1374-4967-8fec-e320c9a3a6ac
6513c813-4a7f-4d2c-a576-57bb6a5256a2,UKHO ID,12141,UK Hydrographic Office,6513c813-4a7f-4d2c-a576-57bb6a5256a2
658c7ffb-5ae6-4fce-b8c7-df0d18d9813d,UKHO ID,7379,UK Hydrographic Office,658c7ffb-5ae6-4fce-b8c7-df0d18d9813d
65ec0c83-9373-4823-b0f3-1b5bd85b4b85,UKHO ID,10016,UK Hydrographic Office,65ec0c83-9373-4823-b0f3-1b5bd85b4b85
66165ab0-bd25-4d4c-9101-6e311e857585,UKHO ID,10034,UK Hydrographic Office,66165ab0-bd25-4d4c-9101-6e311e857585
6643cfd7-fa00-4b18-8959-bd1a7bff6a31,UKHO ID,12473,UK Hydrographic Office,6643cfd7-fa00-4b18-8959-bd1a7bff6a31
67bd5d62-217f-423b-8574-0a06581dbbf1,UKHO ID,12433,UK Hydrographic Office,67bd5d62-217f-423b-8574-0a06581dbbf1
6816ebe3-0ea4-496a-af3f-2615f3722adf,UKHO ID,16118,UK Hydrographic Office,6816ebe3-0ea4-496a-af3f-2615f3722adf
69076668-e4a7-4ac6-9911-686c02684cdb,UKHO ID,12172,UK Hydrographic Office,69076668-e4a7-4ac6-9911-686c02684cdb
690e44d1-a6b7-4acb-9ec0-b76f12b5eadd,UKHO ID,7268,UK Hydrographic Office,690e44d1-a6b7-4acb-9ec0-b76f12b5eadd
691e159d-e72d-4a9f-8563-a0543dcf0960,UKHO ID,11949,UK Hydrographic Office,691e159d-e72d-4a9f-8563-a0543dcf0960
698b904d-1f08-4d76-9bc2-350a1b626c10,UKHO ID,12170,UK Hydrographic Office,698b904d-1f08-4d76-9bc2-350a1b626c10
69f4673c-f59f-4a64-924c-c25aeae9b897,UKHO ID,7144,UK Hydrographic Office,69f4673c-f59f-4a64-924c-c25aeae9b897
6a2d0f0f-503a-48b6-975c-ee874252c317,UKHO ID,12325,UK Hydrographic Office,6a2d0f0f-503a-48b6-975c-ee874252c317
6a905246-d095-4946-a108-96a8e010b791,UKHO ID,12444,UK Hydrographic Office,6a905246-d095-4946-a108-96a8e010b791
6ae5c7cd-fdb8-4476-828b-30cb2b8d436c,UKHO ID,9994,UK Hydrographic Office,6ae5c7cd-fdb8-4476-828b-30cb2b8d436c
6b33c501-93e0-448e-ba71-97882aeca733,UKHO ID,12641,UK Hydrographic Office,6b33c501-93e0-448e-ba71-97882aeca733
6d198bce-452d-4acf-ad81-64b379f21267,UKHO ID,10088,UK Hydrographic Office,6d198bce-452d-4acf-ad81-64b379f21267
6d2e44e7-edc4-4de5-bd0a-c7d7127b78f7,UKHO ID,12109,UK Hydrographic Office,6d2e44e7-edc4-4de5-bd0a-c7d7127b78f7
6e3a3431-3df7-4e7a-8634-c666366d78a6,UKHO ID,10046,UK Hydrographic Office,6e3a3431-3df7-4e7a-8634-c666366d78a6
6ef6b1f1-3787-4257-b732-f52ecb64eb21,UKHO ID,16121,UK Hydrographic Office,6ef6b1f1-3787-4257-b732-f52ecb64eb21
710967a8-ad6b-48f9-b653-51d7df9339d6,UKHO ID,12125,UK Hydrographic Office,710967a8-ad6b-48f9-b653-51d7df9339d6
713a1cf4-9e7f-42df-9a81-802cfa0e9f4e,UKHO ID,12304,UK Hydrographic Office,713a1cf4-9e7f-42df-9a81-802cfa0e9f4e
716b6915-079c-4710-bf13-bd8d05e889aa,UKHO ID,12030,UK Hydrographic Office,716b6915-079c-4710-bf13-bd8d05e889aa
71a3f288-334f-4ebe-b28f-c4e4b8efa583,UKHO ID,8210,UK Hydrographic Office,71a3f288-334f-4ebe-b28f-c4e4b8efa583
71fd4f54-c12e-4615-acb5-6077b88424f0,UKHO ID,11930,UK Hydrographic Office,71fd4f54-c12e-4615-acb5-6077b88424f0
720c5753-9ee8-4847-b578-ac2e4f887d83,UKHO ID,7147,UK Hydrographic Office,720c5753-9ee8-4847-b578-ac2e4f887d83
722591f7-9a66-42c4-9f2f-d8b6df461fd1,UKHO ID,7215,UK Hydrographic Office,722591f7-9a66-42c4-9f2f-d8b6df461fd1
72667802-b062-4971-8552-7902952e4090,UKHO ID,7407,UK Hydrographic Office,72667802-b062-4971-8552-7902952e4090
7322a0ab-f9ed-4b7f-9d28-5a370e95f762,UKHO ID,7385,UK Hydrographic Office,7322a0ab-f9ed-4b7f-9d28-5a370e95f762
734dcc15-3a9e-44d2-bacb-ef296278f710,UKHO ID,12153,UK Hydrographic Office,734dcc15-3a9e-44d2-bacb-ef296278f710
73633c82-28d9-4931-8187-f06863fcbb08,UKHO ID,12080,UK Hydrographic Office,73633c82-28d9-4931-8187-f06863fcbb08
738ed02f-0f53-4d45-b020-1f1be59db1f1,UKHO ID,7956,UK Hydrographic Office,738ed02f-0f53-4d45-b020-1f1be59db1f1
7494049b-671c-4e9b-be4a-80d5b48f77cd,UKHO ID,7183,UK Hydrographic Office,7494049b-671c-4e9b-be4a-80d5b48f77cd
74ade8d8-b43e-485c-accf-b05f69d7b1ed,UKHO ID,12451,UK Hydrographic Office,74ade8d8-b43e-485c-accf-b05f69d7b1ed
74cd1184-e710-449b-b9bc-93c4d370bfc8,UKHO ID,58785,UK Hydrographic Office,74cd1184-e710-449b-b9bc-93c4d370bfc8
753710d0-b421-4aef-9ebc-11476ee02d9c,UKHO ID,7436,UK Hydrographic Office,753710d0-b421-4aef-9ebc-11476ee02d9c
7620ec22-8003-45b7-8559-65913841f2cf,UKHO ID,12310,UK Hydrographic Office,7620ec22-8003-45b7-8559-65913841f2cf
7723a419-9895-4846-9558-e443e23b928f,UKHO ID,7834,UK Hydrographic Office,7723a419-9895-4846-9558-e443e23b928f
77285fc2-de6b-49f8-8f35-8aaaded4062c,UKHO ID,11959,UK Hydrographic Office,77285fc2-de6b-49f8-8f35-8aaaded4062c
77547f75-2bf6-4501-a0f4-1182360d9c2f,UKHO ID,9903,UK Hydrographic Office,77547f75-2bf6-4501-a0f4-1182360d9c2f
77578f52-040d-42d0-b627-823d6cb9f454,UKHO ID,7328,UK Hydrographic Office,77578f52-040d-42d0-b627-823d6cb9f454
77d7af6e-9b40-40e6-93f1-34d5e4b83b75,UKHO ID,12264,UK Hydrographic Office,77d7af6e-9b40-40e6-93f1-34d5e4b83b75
780d0aab-a9e4-41f1-b8d4-fea98918b53d,UKHO ID,9950,UK Hydrographic Office,780d0aab-a9e4-41f1-b8d4-fea98918b53d
78684fb6-29a6-41b8-af91-942120ed32f5,UKHO ID,12063,UK Hydrographic Office,78684fb6-29a6-41b8-af91-942120ed32f5
78fba887-df97-4149-b65b-7037e88294a1,UKHO ID,7348,UK Hydrographic Office,78fba887-df97-4149-b65b-7037e88294a1
7918d9b2-5174-4987-a2bf-1c29ee64cc07,UKHO ID,9981,UK Hydrographic Office,7918d9b2-5174-4987-a2bf-1c29ee64cc07
79daf963-7559-470e-a827-425484c95a4f,UKHO ID,7151,UK Hydrographic Office,79daf963-7559-470e-a827-425484c95a4f
7a25312a-f54c-43dd-b356-f7302b843c8b,UKHO ID,8181,UK Hydrographic Office,7a25312a-f54c-43dd-b356-f7302b843c8b
7a8b7b66-37bf-4ede-bdb3-34179bd08e21,UKHO ID,64813,UK Hydrographic Office,7a8b7b66-37bf-4ede-bdb3-34179bd08e21
7b0a5a1d-1e29-4436-bee4-3e7f79dfa497,UKHO ID,11926,UK Hydrographic Office,7b0a5a1d-1e29-4436-bee4-3e7f79dfa497
7b158984-e427-4b9b-9691-67aefae49951,UKHO ID,11895,UK Hydrographic Office,7b158984-e427-4b9b-9691-67aefae49951
7c9d94e6-064b-4821-9c93-fd1822221c9d,UKHO ID,7362,UK Hydrographic Office,7c9d94e6-064b-4821-9c93-fd1822221c9d
7cce9de2-6872-4123-a134-9cba965b40e1,UKHO ID,12502,UK Hydrographic Office,7cce9de2-6872-4123-a134-9cba965b40e1
7e575f2b-493d-426a-ab87-f3088d3eb40b,UKHO ID,65433,UK Hydrographic Office,7e575f2b-493d-426a-ab87-f3088d3eb40b
7ea70bd5-17ce-4a20-8e77-b5502a5beb4e,UKHO ID,10112,UK Hydrographic Office,7ea70bd5-17ce-4a20-8e77-b5502a5beb4e
7ec19daa-7ef3-4692-aeb9-4576028f7864,UKHO ID,12436,UK Hydrographic Office,7ec19daa-7ef3-4692-aeb9-4576028f7864
7ed3698a-0f48-4051-887b-5c61e931f5d9,UKHO ID,8243,UK Hydrographic Office,7ed3698a-0f48-4051-887b-5c61e931f5d9
7f49358f-3474-4f0e-889a-feda5c404a64,UKHO ID,11921,UK Hydrographic Office,7f49358f-3474-4f0e-889a-feda5c404a64
7f941252-b226-46ff-b719-ced5fdbebf9a,UKHO ID,8237,UK Hydrographic Office,7f941252-b226-46ff-b719-ced5fdbebf9a
7fc4ecea-e933-42c0-849c-e0719279f682,UKHO ID,7494,UK Hydrographic Office,7fc4ecea-e933-42c0-849c-e0719279f682
8032b55c-d2dc-444e-85bb-7d42ac04d7b9,UKHO ID,9851,UK Hydrographic Office,8032b55c-d2dc-444e-85bb-7d42ac04d7b9
80b8cfff-0426-4f4e-bf0f-582d36fb4642,UKHO ID,7006,UK Hydrographic Office,80b8cfff-0426-4f4e-bf0f-582d36fb4642
81303c1e-ae37-458c-9776-a6f785750c4f,UKHO ID,12016,UK Hydrographic Office,81303c1e-ae37-458c-9776-a6f785750c4f
815128d4-2330-487c-8520-8bf223801cdf,UKHO ID,7954,UK Hydrographic Office,815128d4-2330-487c-8520-8bf223801cdf
81ce4946-d453-4aa1-aa00-6e3aaa19faf5,UKHO ID,10009,UK Hydrographic Office,81ce4946-d453-4aa1-aa00-6e3aaa19faf5
8241ca5d-bb79-4bbe-ba04-bc874d510d78,UKHO ID,8180,UK Hydrographic Office,8241ca5d-bb79-4bbe-ba04-bc874d510d78
824f46c8-c534-4d5b-a39d-fabc03a17e44,UKHO ID,8221,UK Hydrographic Office,824f46c8-c534-4d5b-a39d-fabc03a17e44
82fd9e42-5052-4fc6-94f2-941f13e599b6,UKHO ID,12570,UK Hydrographic Office,82fd9e42-5052-4fc6-94f2-941f13e599b6
831f00d1-69ab-4e75-a59a-230caa391e9c,UKHO ID,7446,UK Hydrographic Office,831f00d1-69ab-4e75-a59a-230caa391e9c
835601e8-f009-4a1c-96e8-8367f88d7f00,UKHO ID,12163,UK Hydrographic Office,835601e8-f009-4a1c-96e8-8367f88d7f00
83d6d029-5f6c-4d75-8325-266b5ed4f0e9,UKHO ID,12524,UK Hydrographic Office,83d6d029-5f6c-4d75-8325-266b5ed4f0e9
83ef68ce-6e86-4e02-8d34-f0da4a41e619,UKHO ID,10050,UK Hydrographic Office,83ef68ce-6e86-4e02-8d34-f0da4a41e619
84c8904a-7e2b-48d2-829b-b116d042e596,UKHO ID,57746,UK Hydrographic Office,84c8904a-7e2b-48d2-829b-b116d042e596
8581d441-d4e1-4fa2-8da1-e727b2027592,UKHO ID,12096,UK Hydrographic Office,8581d441-d4e1-4fa2-8da1-e727b2027592
87cad8d5-6419-4b46-b495-b2b1fe8f8271,UKHO ID,9959,UK Hydrographic Office,87cad8d5-6419-4b46-b495-b2b1fe8f8271
87f9dbb4-f613-4c80-b9db-2e0c9dd77b13,UKHO ID,11937,UK Hydrographic Office,87f9dbb4-f613-4c80-b9db-2e0c9dd77b13
883dcc82-b21a-4bda-9762-ba9913c4a67a,UKHO ID,12280,UK Hydrographic Office,883dcc82-b21a-4bda-9762-ba9913c4a67a
889f6c3d-538d-4862-8c69-f69f6e2e19dd,UKHO ID,7951,UK Hydrographic Office,889f6c3d-538d-4862-8c69-f69f6e2e19dd
88bf7163-ad57-4c4c-bd62-dd7323b33a77,UKHO ID,11968,UK Hydrographic Office,88bf7163-ad57-4c4c-bd62-dd7323b33a77
88ef0352-079d-402f-85e0-0d538f24c9b8,UKHO ID,9891,UK Hydrographic Office,88ef0352-079d-402f-85e0-0d538f24c9b8
88f29434-b686-4326-90a2-81443937c6fe,UKHO ID,11901,UK Hydrographic Office,88f29434-b686-4326-90a2-81443937c6fe
89075bbd-58c7-4aa7-b497-889703513a02,UKHO ID,12023,UK Hydrographic Office,89075bbd-58c7-4aa7-b497-889703513a02
892b5b04-6442-4072-880d-1fa9cc428a66,UKHO ID,58270,UK Hydrographic Office,892b5b04-6442-4072-880d-1fa9cc428a66
8a910ef6-e7f6-4d02-8515-af255f3008cf,UKHO ID,16129,UK Hydrographic Office,8a910ef6-e7f6-4d02-8515-af255f3008cf
8ad04a23-c457-47b6-9517-161a90d72041,UKHO ID,58212,UK Hydrographic Office,8ad04a23-c457-47b6-9517-161a90d72041
8aea9d34-881e-4551-b218-39ee97febd47,UKHO ID,12486,UK Hydrographic Office,8aea9d34-881e-4551-b218-39ee97febd47
8d7191cb-fafe-4e23-bb51-c7c4c870954f,UKHO ID,12457,UK Hydrographic Office,8d7191cb-fafe-4e23-bb51-c7c4c870954f
8d90b821-b5fd-4713-a00d-ef47e3d59450,UKHO ID,12047,UK Hydrographic Office,8d90b821-b5fd-4713-a00d-ef47e3d59450
8ddf7b86-9684-4883-9873-3d7111b2d21b,UKHO ID,11934,UK Hydrographic Office,8ddf7b86-9684-4883-9873-3d7111b2d21b
8e04cdd2-5fe8-4b1b-8452-3552345a014f,UKHO ID,9933,UK Hydrographic Office,8e04cdd2-5fe8-4b1b-8452-3552345a014f
8fd181a5-9c8c-4b90-a5cc-848b16a6d50b,UKHO ID,12437,UK Hydrographic Office,8fd181a5-9c8c-4b90-a5cc-848b16a6d50b
904caa88-3907-4808-bbcd-c725c64976c1,UKHO ID,12447,UK Hydrographic Office,904caa88-3907-4808-bbcd-c725c64976c1
90550141-00ef-4236-b531-ac760e29a1ca,UKHO ID,8154,UK Hydrographic Office,90550141-00ef-4236-b531-ac760e29a1ca
91b5065b-ac11-4d62-800d-f791b6a6e386,UKHO ID,10056,UK Hydrographic Office,91b5065b-ac11-4d62-800d-f791b6a6e386
922e5a9c-82b6-46b9-b591-5a161057afa0,UKHO ID,9984,UK Hydrographic Office,922e5a9c-82b6-46b9-b591-5a161057afa0
92ae6914-2e9e-4ceb-90b6-dbe9c5d2b03f,UKHO ID,11951,UK Hydrographic Office,92ae6914-2e9e-4ceb-90b6-dbe9c5d2b03f
92c8c26c-0b6b-4495-b70c-976e716ab604,UKHO ID,11960,UK Hydrographic Office,92c8c26c-0b6b-4495-b70c-976e716ab604
93622091-ebcc-41b8-84a2-ffbf568b0d45,UKHO ID,8148,UK Hydrographic Office,93622091-ebcc-41b8-84a2-ffbf568b0d45
93896d9a-2bf0-4dac-95df-17cd9d2c99de,UKHO ID,7346,UK Hydrographic Office,93896d9a-2bf0-4dac-95df-17cd9d2c99de
95382f60-0b6d-45c7-9d41-4af143d69f59,UKHO ID,11972,UK Hydrographic Office,95382f60-0b6d-45c7-9d41-4af143d69f59
95647032-f488-4638-b515-a00b789d98ec,UKHO ID,7317,UK Hydrographic Office,95647032-f488-4638-b515-a00b789d98ec
962a5897-4989-49f6-bc31-f40cd40b7c80,UKHO ID,12150,UK Hydrographic Office,962a5897-4989-49f6-bc31-f40cd40b7c80
97292263-99e9-43c2-a916-7663f60c8f35,UKHO ID,12012,UK Hydrographic Office,97292263-99e9-43c2-a916-7663f60c8f35
972961fa-2336-4769-9293-c5cc2d6186cf,UKHO ID,11900,UK Hydrographic Office,972961fa-2336-4769-9293-c5cc2d6186cf
979297d5-2ba9-4a84-bbfe-5b3946a19aa3,UKHO ID,8245,UK Hydrographic Office,979297d5-2ba9-4a84-bbfe-5b3946a19aa3
982117f1-c422-43d8-bf5f-8869a64572aa,UKHO ID,11876,UK Hydrographic Office,982117f1-c422-43d8-bf5f-8869a64572aa
9864f845-5772-4bf1-8543-9c08211b2d5e,UKHO ID,12306,UK Hydrographic Office,9864f845-5772-4bf1-8543-9c08211b2d5e
98e6e45a-49de-4a85-a146-015da4aa9890,UKHO ID,12466,UK Hydrographic Office,98e6e45a-49de-4a85-a146-015da4aa9890
98ea7d96-1836-4aec-ad9d-74608e0b7b7e,UKHO ID,16122,UK Hydrographic Office,98ea7d96-1836-4aec-ad9d-74608e0b7b7e
994a3b20-3560-429b-9f30-2e42646262a5,UKHO ID,58577,UK Hydrographic Office,994a3b20-3560-429b-9f30-2e42646262a5
99965547-054d-452d-ad6f-32d26accaa5e,UKHO ID,11649,UK Hydrographic Office,99965547-054d-452d-ad6f-32d26accaa5e
99c44c51-2111-4416-b469-fd0c419b80a7,UKHO ID,12143,UK Hydrographic Office,99c44c51-2111-4416-b469-fd0c419b80a7
9a92dd37-7562-420a-8215-451a5d6af89d,UKHO ID,7002,UK Hydrographic Office,9a92dd37-7562-420a-8215-451a5d6af89d
9b579a01-1589-48ad-b380-1618316d09fb,UKHO ID,7946,UK Hydrographic Office,9b579a01-1589-48ad-b380-1618316d09fb
9bfb0cdd-e478-44d1-964f-7626da5ff788,UKHO ID,12036,UK Hydrographic Office,9bfb0cdd-e478-44d1-964f-7626da5ff788
9c2a504e-ad39-4cb2-bac3-29ff31e4a605,UKHO ID,10011,UK Hydrographic Office,9c2a504e-ad39-4cb2-bac3-29ff31e4a605
9c4cca73-de20-430e-bc3c-e05b087c0e8f,UKHO ID,7321,UK Hydrographic Office,9c4cca73-de20-430e-bc3c-e05b087c0e8f
9c632544-f232-4482-8f5d-28fb4e23245d,UKHO ID,7165,UK Hydrographic Office,9c632544-f232-4482-8f5d-28fb4e23245d
9c993758-4a63-4b4a-a946-cb929f90857d,UKHO ID,8264,UK Hydrographic Office,9c993758-4a63-4b4a-a946-cb929f90857d
9d1ef629-47dd-4a93-b25e-9ea7b54f20c8,UKHO ID,7373,UK Hydrographic Office,9d1ef629-47dd-4a93-b25e-9ea7b54f20c8
9d55b8db-179f-4977-89b0-67fdc37a5036,UKHO ID,7330,UK Hydrographic Office,9d55b8db-179f-4977-89b0-67fdc37a5036
9d662021-3349-4fd4-9d9e-323f7a52a08d,UKHO ID,11877,UK Hydrographic Office,9d662021-3349-4fd4-9d9e-323f7a52a08d
9d8acf3a-0eeb-494d-bb72-e8277cc0cfe1,UKHO ID,9887,UK Hydrographic Office,9d8acf3a-0eeb-494d-bb72-e8277cc0cfe1
9d9a4946-82ae-4248-8e18-f792c8be20cd,UKHO ID,12463,UK Hydrographic Office,9d9a4946-82ae-4248-8e18-f792c8be20cd
9e460cb6-d08b-4394-83a7-f4e6473dc6c1,UKHO ID,9966,UK Hydrographic Office,9e460cb6-d08b-4394-83a7-f4e6473dc6c1
9e6d958d-097d-4cf7-8a13-c6102bb41c3b,UKHO ID,11952,UK Hydrographic Office,9e6d958d-097d-4cf7-8a13-c6102bb41c3b
9f1df6c4-3661-4562-9aca-3b8c61f9a337,UKHO ID,7779,UK Hydrographic Office,9f1df6c4-3661-4562-9aca-3b8c61f9a337
9fa7ab57-31c1-4e42-abbb-537d79edddbd,UKHO ID,10070,UK Hydrographic Office,9fa7ab57-31c1-4e42-abbb-537d79edddbd
a0398585-daa4-4a95-ad9f-7ab10e4e28de,UKHO ID,12275,UK Hydrographic Office,a0398585-daa4-4a95-ad9f-7ab10e4e28de
a0aa630a-be76-4b09-b62c-eb85b644891d,UKHO ID,11656,UK Hydrographic Office,a0aa630a-be76-4b09-b62c-eb85b644891d
a0d6c968-9004-45a0-9bfd-82b15003cc5a,UKHO ID,12083,UK Hydrographic Office,a0d6c968-9004-45a0-9bfd-82b15003cc5a
a1238e37-6bb8-4116-8b83-1452b7e966a9,UKHO ID,9978,UK Hydrographic Office,a1238e37-6bb8-4116-8b83-1452b7e966a9
a124b5a3-9ece-4c1e-9bad-95e29df3ec98,UKHO ID,7301,UK Hydrographic Office,a124b5a3-9ece-4c1e-9bad-95e29df3ec98
a1c8f31e-0c92-401f-be41-7941708f7ace,UKHO ID,12087,UK Hydrographic Office,a1c8f31e-0c92-401f-be41-7941708f7ace
a1f4019d-dd8a-41ff-9403-74a38d5d7242,UKHO ID,7025,UK Hydrographic Office,a1f4019d-dd8a-41ff-9403-74a38d5d7242
a21ab462-c5a5-4bbe-b961-2d238374ae01,UKHO ID,12497,UK Hydrographic Office,a21ab462-c5a5-4bbe-b961-2d238374ae01
a256678f-8a53-427f-9bcc-8425dda2c050,UKHO ID,7158,UK Hydrographic Office,a256678f-8a53-427f-9bcc-8425dda2c050
a286bafe-7a0d-4c2c-b7e6-819e6959cf3f,UKHO ID,11641,UK Hydrographic Office,a286bafe-7a0d-4c2c-b7e6-819e6959cf3f
a2e31926-c117-4f1a-896f-aa2c920585b0,UKHO ID,7339,UK Hydrographic Office,a2e31926-c117-4f1a-896f-aa2c920585b0
a43f0fdc-0269-4262-bf30-081ee91f2c2d,UKHO ID,7430,UK Hydrographic Office,a43f0fdc-0269-4262-bf30-081ee91f2c2d
a472a460-90ae-4357-b323-1de00b90c4d5,UKHO ID,10039,UK Hydrographic Office,a472a460-90ae-4357-b323-1de00b90c4d5
a478c440-f5af-40d5-8ce8-0bfe2e1e4f7f,UKHO ID,7457,UK Hydrographic Office,a478c440-f5af-40d5-8ce8-0bfe2e1e4f7f
a4e91607-8f23-4929-8967-631862c7e51a,UKHO ID,10069,UK Hydrographic Office,a4e91607-8f23-4929-8967-631862c7e51a
a5031d82-3afb-496d-b354-3bc3fc2217de,UKHO ID,12435,UK Hydrographic Office,a5031d82-3afb-496d-b354-3bc3fc2217de
a50d27ab-0acf-4781-9889-54ae143fc8ec,UKHO ID,12384,UK Hydrographic Office,a50d27ab-0acf-4781-9889-54ae143fc8ec
a51139a9-4cc5-4f39-8b6a-709a0b31cf0f,UKHO ID,9934,UK Hydrographic Office,a51139a9-4cc5-4f39-8b6a-709a0b31cf0f
a5a303b0-2a31-4caa-8a16-d1957b13d58b,UKHO ID,10078,UK Hydrographic Office,a5a303b0-2a31-4caa-8a16-d1957b13d58b
a5e7a4ad-5169-4e36-ab8c-2853e381e3de,UKHO ID,12276,UK Hydrographic Office,a5e7a4ad-5169-4e36-ab8c-2853e381e3de
a60746af-83db-44f5-bc90-e62d4a10eaaa,UKHO ID,11650,UK Hydrographic Office,a60746af-83db-44f5-bc90-e62d4a10eaaa
a628bb69-1237-4957-bbf1-5ad806292fd5,UKHO ID,7472,UK Hydrographic Office,a628bb69-1237-4957-bbf1-5ad806292fd5
a6d8c626-aceb-44d6-a0f8-dcf9f7c4c815,UKHO ID,12145,UK Hydrographic Office,a6d8c626-aceb-44d6-a0f8-dcf9f7c4c815
a7127e7a-5a61-4ba1-a90e-5b2beaf0b08f,UKHO ID,8199,UK Hydrographic Office,a7127e7a-5a61-4ba1-a90e-5b2beaf0b08f
a7154ab5-57f3-4805-9364-f1de241d822d,UKHO ID,16126,UK Hydrographic Office,a7154ab5-57f3-4805-9364-f1de241d822d
a717be0f-8593-4879-a189-7e8268554832,UKHO ID,7350,UK Hydrographic Office,a717be0f-8593-4879-a189-7e8268554832
a7a165a0-bf21-4c0f-b5b3-e1f837e07685,UKHO ID,6985,UK Hydrographic Office,a7a165a0-bf21-4c0f-b5b3-e1f837e07685
a7cce21f-8cf6-4d6e-9be4-4f624a0f91f5,UKHO ID,7127,UK Hydrographic Office,a7cce21f-8cf6-4d6e-9be4-4f624a0f91f5
a7db7667-ac9b-4e3f-9379-0f0769340a5c,UKHO ID,8212,UK Hydrographic Office,a7db7667-ac9b-4e3f-9379-0f0769340a5c
a8ea126f-3e26-4d0a-ace8-2628d7b9e6f1,UKHO ID,12426,UK Hydrographic Office,a8ea126f-3e26-4d0a-ace8-2628d7b9e6f1
a8f94236-19d3-4c7f-ac1e-accaeba7cf06,UKHO ID,12148,UK Hydrographic Office,a8f94236-19d3-4c7f-ac1e-accaeba7cf06
a945e0fa-275c-4d91-94a3-6e34a7d2f489,UKHO ID,12507,UK Hydrographic Office,a945e0fa-275c-4d91-94a3-6e34a7d2f489
a946ac64-a9c8-40ff-9588-1fa813cfafec,UKHO ID,7334,UK Hydrographic Office,a946ac64-a9c8-40ff-9588-1fa813cfafec
a95b1d88-0967-46e0-a5ad-fddaccb9ef62,UKHO ID,16131,UK Hydrographic Office,a95b1d88-0967-46e0-a5ad-fddaccb9ef62
aa04a16f-ba0a-4a4c-be1c-c09f92cee951,UKHO ID,8119,UK Hydrographic Office,aa04a16f-ba0a-4a4c-be1c-c09f92cee951
aa3c4e42-0507-4f47-8d04-79ff7015537d,UKHO ID,12031,UK Hydrographic Office,aa3c4e42-0507-4f47-8d04-79ff7015537d
aa452171-ab1d-4353-be89-ae6cf549f958,UKHO ID,11664,UK Hydrographic Office,aa452171-ab1d-4353-be89-ae6cf549f958
ab023176-f5dc-41f0-8913-fcc902480425,UKHO ID,9988,UK Hydrographic Office,ab023176-f5dc-41f0-8913-fcc902480425
ab0b471f-001c-4f7f-a14c-a0635674260c,UKHO ID,58544,UK Hydrographic Office,ab0b471f-001c-4f7f-a14c-a0635674260c
ab0d2090-8f15-4ca4-867e-0d8d72da1121,UKHO ID,12106,UK Hydrographic Office,ab0d2090-8f15-4ca4-867e-0d8d72da1121
ab0ec33c-a200-43c7-9336-d21a3879b934,UKHO ID,11954,UK Hydrographic Office,ab0ec33c-a200-43c7-9336-d21a3879b934
ab9dba89-d46c-4f30-ab10-d936e8a749eb,UKHO ID,11944,UK Hydrographic Office,ab9dba89-d46c-4f30-ab10-d936e8a749eb
ac3dc885-c02e-4809-9b6c-e90eaca5dd01,UKHO ID,12494,UK Hydrographic Office,ac3dc885-c02e-4809-9b6c-e90eaca5dd01
ac536872-0e55-41c4-af35-c329f227c757,UKHO ID,7352,UK Hydrographic Office,ac536872-0e55-41c4-af35-c329f227c757
ac6fcc40-b4c6-4fa8-999d-8dce95456d12,UKHO ID,12078,UK Hydrographic Office,ac6fcc40-b4c6-4fa8-999d-8dce95456d12
ac773fae-1a71-4a52-a126-81574a7214c9,UKHO ID,7428,UK Hydrographic Office,ac773fae-1a71-4a52-a126-81574a7214c9
acc30378-0cb9-48cf-8969-433f8428038f,UKHO ID,7163,UK Hydrographic Office,acc30378-0cb9-48cf-8969-433f8428038f
acfb0f8e-28e1-49f6-a67d-9c1b62e72c6b,UKHO ID,12142,UK Hydrographic Office,acfb0f8e-28e1-49f6-a67d-9c1b62e72c6b
ad335230-dbd3-4acb-aeea-62c5c528e767,UKHO ID,11652,UK Hydrographic Office,ad335230-dbd3-4acb-aeea-62c5c528e767
ade34d76-70d5-40d9-b230-7508bb1e33a8,UKHO ID,12124,UK Hydrographic Office,ade34d76-70d5-40d9-b230-7508bb1e33a8
aeed8146-7c41-49e0-9ce8-99321e27315a,UKHO ID,8206,UK Hydrographic Office,aeed8146-7c41-49e0-9ce8-99321e27315a
af8d226d-eac2-4cc0-8d0b-9953838a8ba7,UKHO ID,7365,UK Hydrographic Office,af8d226d-eac2-4cc0-8d0b-9953838a8ba7
afe200b3-a4fe-4e81-8bc6-95740b016d2d,UKHO ID,12006,UK Hydrographic Office,afe200b3-a4fe-4e81-8bc6-95740b016d2d
b0361f40-6d62-4e8c-bc54-d62bea4b6c3f,UKHO ID,12161,UK Hydrographic Office,b0361f40-6d62-4e8c-bc54-d62bea4b6c3f
b0e4d666-2275-46a2-a0f9-f6c6d7f6a32e,UKHO ID,7148,UK Hydrographic Office,b0e4d666-2275-46a2-a0f9-f6c6d7f6a32e
b0f3c184-50a5-4b28-b57f-ca9a3133ea7b,UKHO ID,9920,UK Hydrographic Office,b0f3c184-50a5-4b28-b57f-ca9a3133ea7b
b0f978ad-02a3-45b8-83ee-61f61e1cd341,UKHO ID,12095,UK Hydrographic Office,b0f978ad-02a3-45b8-83ee-61f61e1cd341
b1213e2c-2ca4-4ea3-a3d1-1f757ea1f465,UKHO ID,7173,UK Hydrographic Office,b1213e2c-2ca4-4ea3-a3d1-1f757ea1f465
b12c4eef-fbb2-473f-a531-42e2b7aaf97d,UKHO ID,9915,UK Hydrographic Office,b12c4eef-fbb2-473f-a531-42e2b7aaf97d
b1853c04-a537-4026-aaca-205ebbf9b6cb,UKHO ID,11931,UK Hydrographic Office,b1853c04-a537-4026-aaca-205ebbf9b6cb
b1a8cc84-3763-4053-8f93-86d0520efb69,UKHO ID,7341,UK Hydrographic Office,b1a8cc84-3763-4053-8f93-86d0520efb69
b1eca170-e4e2-4c02-ab34-4990f239533a,UKHO ID,7693,UK Hydrographic Office,b1eca170-e4e2-4c02-ab34-4990f239533a
b1f938d0-7d27-4763-b054-a7f474bb22ea,UKHO ID,11889,UK Hydrographic Office,b1f938d0-7d27-4763-b054-a7f474bb22ea
b2282ff8-b581-473a-8505-c96ee16a7bfe,UKHO ID,11811,UK Hydrographic Office,b2282ff8-b581-473a-8505-c96ee16a7bfe
b27c2fa3-b42e-4627-a910-55a87bc33c70,UKHO ID,10097,UK Hydrographic Office,b27c2fa3-b42e-4627-a910-55a87bc33c70
b2c72839-a040-4670-97b8-530f51a3892b,UKHO ID,7416,UK Hydrographic Office,b2c72839-a040-4670-97b8-530f51a3892b
b3126e5f-4051-4050-9fc0-8ea2d9019fed,UKHO ID,9990,UK Hydrographic Office,b3126e5f-4051-4050-9fc0-8ea2d9019fed
b378c7be-7c86-4048-9e45-7ad6c297b938,UKHO ID,11910,UK Hydrographic Office,b378c7be-7c86-4048-9e45-7ad6c297b938
b3aa9610-fb72-4182-80a1-71e2ed180ad1,UKHO ID,11961,UK Hydrographic Office,b3aa9610-fb72-4182-80a1-71e2ed180ad1
b4205cbd-ae8b-46d7-b26e-3de436e97829,UKHO ID,11648,UK Hydrographic Office,b4205cbd-ae8b-46d7-b26e-3de436e97829
b42531af-2ac1-4934-8935-463bd8241b7a,UKHO ID,8140,UK Hydrographic Office,b42531af-2ac1-4934-8935-463bd8241b7a
b4281ca6-2b89-4716-ab37-0478c6ebf7dd,UKHO ID,12164,UK Hydrographic Office,b4281ca6-2b89-4716-ab37-0478c6ebf7dd
b4c48b40-7c90-468b-b3ff-d76f7f4880d1,UKHO ID,11642,UK Hydrographic Office,b4c48b40-7c90-468b-b3ff-d76f7f4880d1
b4d485db-e2db-4c75-893d-e07a1c7c488a,UKHO ID,7467,UK Hydrographic Office,b4d485db-e2db-4c75-893d-e07a1c7c488a
b4f59722-e33b-40e5-ae85-061c4dde9858,UKHO ID,7953,UK Hydrographic Office,b4f59722-e33b-40e5-ae85-061c4dde9858
b522d409-f9c2-4bca-a221-1e60f945e98e,UKHO ID,7501,UK Hydrographic Office,b522d409-f9c2-4bca-a221-1e60f945e98e
b5b6d8e3-2099-4011-b6b8-fa8cbd478bed,UKHO ID,8228,UK Hydrographic Office,b5b6d8e3-2099-4011-b6b8-fa8cbd478bed
b5d5ba50-334b-4590-a6d7-eda50985e8a1,UKHO ID,12051,UK Hydrographic Office,b5d5ba50-334b-4590-a6d7-eda50985e8a1
b5d857e5-f832-4561-afa6-8787b33d1f66,UKHO ID,11923,UK Hydrographic Office,b5d857e5-f832-4561-afa6-8787b33d1f66
b5e49fc8-d9fe-49c8-9b2e-504ff05e1a76,UKHO ID,12004,UK Hydrographic Office,b5e49fc8-d9fe-49c8-9b2e-504ff05e1a76
b630d6c7-0024-45cf-a0c8-9dbb5bec8505,UKHO ID,11884,UK Hydrographic Office,b630d6c7-0024-45cf-a0c8-9dbb5bec8505
b660ee03-bb09-446d-a212-9c0b4348e9c6,UKHO ID,57602,UK Hydrographic Office,b660ee03-bb09-446d-a212-9c0b4348e9c6
b66fa9c1-9d94-44ae-8ea7-fdae5bd2e6a9,UKHO ID,7331,UK Hydrographic Office,b66fa9c1-9d94-44ae-8ea7-fdae5bd2e6a9
b6817dd6-6fea-4ae6-b3d6-8488bfb0c831,UKHO ID,7070,UK Hydrographic Office,b6817dd6-6fea-4ae6-b3d6-8488bfb0c831
b6a8af02-9dc6-43e3-81b2-da4d95bdee04,UKHO ID,7243,UK Hydrographic Office,b6a8af02-9dc6-43e3-81b2-da4d95bdee04
b6bb79c0-927c-4d11-9d45-68a51e429225,UKHO ID,12509,UK Hydrographic Office,b6bb79c0-927c-4d11-9d45-68a51e429225
b6d03ae5-7fbb-4b14-bc03-46ddbb1dd32f,UKHO ID,9964,UK Hydrographic Office,b6d03ae5-7fbb-4b14-bc03-46ddbb1dd32f
b6f45614-5ae8-49bc-b067-997342ec17da,UKHO ID,11672,UK Hydrographic Office,b6f45614-5ae8-49bc-b067-997342ec17da
b785f2c5-2906-47cf-9014-a46d9adb87ca,UKHO ID,11818,UK Hydrographic Office,b785f2c5-2906-47cf-9014-a46d9adb87ca
b79d5acc-cf1b-4741-9940-18b89169c302,UKHO ID,12123,UK Hydrographic Office,b79d5acc-cf1b-4741-9940-18b89169c302
b8323fbc-004d-4ab1-9667-99ce8c6e9ee3,UKHO ID,11662,UK Hydrographic Office,b8323fbc-004d-4ab1-9667-99ce8c6e9ee3
b92aecce-ecc7-4cbc-9624-94c017e207bc,UKHO ID,10064,UK Hydrographic Office,b92aecce-ecc7-4cbc-9624-94c017e207bc
b9b28458-b5a4-4dba-aeb4-72dd0daface7,UKHO ID,8324,UK Hydrographic Office,b9b28458-b5a4-4dba-aeb4-72dd0daface7
b9df0dbe-b2ac-486c-9889-66c19f1cb86f,UKHO ID,11913,UK Hydrographic Office,b9df0dbe-b2ac-486c-9889-66c19f1cb86f
ba1c51a7-78ca-47ae-bfd6-fcb48d5a97ae,UKHO ID,12426,UK Hydrographic Office,ba1c51a7-78ca-47ae-bfd6-fcb48d5a97ae
ba211a34-896c-4645-9b8f-6c52d9739a30,UKHO ID,11932,UK Hydrographic Office,ba211a34-896c-4645-9b8f-6c52d9739a30
ba8530a2-1c14-47af-ba6d-cf3831b0256b,UKHO ID,11885,UK Hydrographic Office,ba8530a2-1c14-47af-ba6d-cf3831b0256b
bb10764c-faf4-42c6-bff8-20c9e5525bf4,UKHO ID,12443,UK Hydrographic Office,bb10764c-faf4-42c6-bff8-20c9e5525bf4
bc6c8299-964e-4a58-b230-d35edfbe4c69,UKHO ID,12422,UK Hydrographic Office,bc6c8299-964e-4a58-b230-d35edfbe4c69
bcfe1e71-61ed-4855-9495-d40cb96b02d7,UKHO ID,12484,UK Hydrographic Office,bcfe1e71-61ed-4855-9495-d40cb96b02d7
bd35f485-cbcf-4ba9-abf9-d9e6e6ea0fc6,UKHO ID,12432,UK Hydrographic Office,bd35f485-cbcf-4ba9-abf9-d9e6e6ea0fc6
bd70a8a9-a3aa-4826-a232-64d17eee6390,UKHO ID,10012,UK Hydrographic Office,bd70a8a9-a3aa-4826-a232-64d17eee6390
bda85a07-3f6d-4e75-9339-c48e1fa99991,UKHO ID,9852,UK Hydrographic Office,bda85a07-3f6d-4e75-9339-c48e1fa99991
bea845df-38f7-49be-b9cb-eae2c3ccb672,UKHO ID,12151,UK Hydrographic Office,bea845df-38f7-49be-b9cb-eae2c3ccb672
bf1535fe-6ead-4df8-91ec-786c9a41e3f4,UKHO ID,12385,UK Hydrographic Office,bf1535fe-6ead-4df8-91ec-786c9a41e3f4
bfb81ccf-859b-4b8b-9991-ad89fb7f6389,UKHO ID,7447,UK Hydrographic Office,bfb81ccf-859b-4b8b-9991-ad89fb7f6389
bfbf1fe9-cf91-4618-94d0-6fd52eed4b9a,UKHO ID,12487,UK Hydrographic Office,bfbf1fe9-cf91-4618-94d0-6fd52eed4b9a
c005935e-c8c6-4d88-90af-7b8d4687990a,UKHO ID,7178,UK Hydrographic Office,c005935e-c8c6-4d88-90af-7b8d4687990a
c039f78a-6951-48f9-96be-46846abe194e,UKHO ID,12537,UK Hydrographic Office,c039f78a-6951-48f9-96be-46846abe194e
c06c3a09-6e51-4aa7-a209-203adfdac116,UKHO ID,68924,UK Hydrographic Office,c06c3a09-6e51-4aa7-a209-203adfdac116
c0bca8dc-90de-4b08-81b5-4f4814ba6bff,UKHO ID,12146,UK Hydrographic Office,c0bca8dc-90de-4b08-81b5-4f4814ba6bff
c0e65908-b5e6-4efc-a9e7-d93f5a3113dc,UKHO ID,12037,UK Hydrographic Office,c0e65908-b5e6-4efc-a9e7-d93f5a3113dc
c0eb5c76-79b2-4788-9416-3a855aa32b2d,UKHO ID,7206,UK Hydrographic Office,c0eb5c76-79b2-4788-9416-3a855aa32b2d
c248a3d7-0288-4bb9-8d57-1e85102f9d98,UKHO ID,7128,UK Hydrographic Office,c248a3d7-0288-4bb9-8d57-1e85102f9d98
c28896dc-848b-4868-b8eb-873430ab0ef3,UKHO ID,7421,UK Hydrographic Office,c28896dc-848b-4868-b8eb-873430ab0ef3
c2dae58a-1134-45d1-84b5-2677be8b7722,UKHO ID,7228,UK Hydrographic Office,c2dae58a-1134-45d1-84b5-2677be8b7722
c30d56d6-c98c-45af-a7d8-9bbe9ed4c7ab,UKHO ID,8124,UK Hydrographic Office,c30d56d6-c98c-45af-a7d8-9bbe9ed4c7ab
c3612aee-61ce-4733-8405-0190c5abc130,UKHO ID,9955,UK Hydrographic Office,c3612aee-61ce-4733-8405-0190c5abc130
c37661e6-bb64-4cde-a50e-c736ecfb4639,UKHO ID,7424,UK Hydrographic Office,c37661e6-bb64-4cde-a50e-c736ecfb4639
c42b7786-04b4-45d3-bfe3-2ef98f781045,UKHO ID,12007,UK Hydrographic Office,c42b7786-04b4-45d3-bfe3-2ef98f781045
c465200c-b5af-4a19-b6a5-765189ac067e,UKHO ID,7848,UK Hydrographic Office,c465200c-b5af-4a19-b6a5-765189ac067e
c4a99e0b-e7c9-46fb-b2d7-db660af9fee4,UKHO ID,12013,UK Hydrographic Office,c4a99e0b-e7c9-46fb-b2d7-db660af9fee4
c50b4459-5008-4669-94b5-c261add0bed4,UKHO ID,12318,UK Hydrographic Office,c50b4459-5008-4669-94b5-c261add0bed4
c5271d5a-4aba-4a12-82b6-17f6dfde24d6,UKHO ID,11992,UK Hydrographic Office,c5271d5a-4aba-4a12-82b6-17f6dfde24d6
c61b1829-d3ab-4d1c-bcc5-06ea62a5f47f,UKHO ID,11899,UK Hydrographic Office,c61b1829-d3ab-4d1c-bcc5-06ea62a5f47f
c6cda48f-211e-4386-9c49-67b8bf863d0a,UKHO ID,12420,UK Hydrographic Office,c6cda48f-211e-4386-9c49-67b8bf863d0a
c7a949a8-8c09-44c1-a5c8-a30dccee4860,UKHO ID,12075,UK Hydrographic Office,c7a949a8-8c09-44c1-a5c8-a30dccee4860
c7bebb07-d5ac-45f2-b6f2-b09c23033062,UKHO ID,7311,UK Hydrographic Office,c7bebb07-d5ac-45f2-b6f2-b09c23033062
c7e2ad3c-3f86-4737-9b72-c656c40a4769,UKHO ID,7172,UK Hydrographic Office,c7e2ad3c-3f86-4737-9b72-c656c40a4769
c80a9dd9-310f-4488-b212-fd93360d33bd,UKHO ID,12171,UK Hydrographic Office,c80a9dd9-310f-4488-b212-fd93360d33bd
c8a52af0-82af-4319-859d-5f775d8b0f0c,UKHO ID,9948,UK Hydrographic Office,c8a52af0-82af-4319-859d-5f775d8b0f0c
c8ce1bd3-037d-4ea7-a147-765589ba4636,UKHO ID,12072,UK Hydrographic Office,c8ce1bd3-037d-4ea7-a147-765589ba4636
c90dc3cf-bb9c-419a-be5e-f421dd72b3e8,UKHO ID,10067,UK Hydrographic Office,c90dc3cf-bb9c-419a-be5e-f421dd72b3e8
c9b22b20-9710-42b1-9746-bc134a69a6ef,UKHO ID,62819,UK Hydrographic Office,c9b22b20-9710-42b1-9746-bc134a69a6ef
ca31b96d-946f-4581-b17f-513ce9fefabe,UKHO ID,60841,UK Hydrographic Office,ca31b96d-946f-4581-b17f-513ce9fefabe
ca733d04-53b5-4f49-b7e8-4001b6abb2b7,UKHO ID,11892,UK Hydrographic Office,ca733d04-53b5-4f49-b7e8-4001b6abb2b7
cb3376f6-c83b-4990-bc6c-610f0680a3b6,UKHO ID,11655,UK Hydrographic Office,cb3376f6-c83b-4990-bc6c-610f0680a3b6
cbde3147-2e31-4105-8f2a-2cba8f96da6b,UKHO ID,11883,UK Hydrographic Office,cbde3147-2e31-4105-8f2a-2cba8f96da6b
cc193612-5754-461e-b3e6-0d194c617c71,UKHO ID,12014,UK Hydrographic Office,cc193612-5754-461e-b3e6-0d194c617c71
cc72126d-712c-4e7f-9acf-f3a21c352d50,UKHO ID,12027,UK Hydrographic Office,cc72126d-712c-4e7f-9acf-f3a21c352d50
ccbbcf74-d413-4848-964b-430fe41425cc,UKHO ID,7146,UK Hydrographic Office,ccbbcf74-d413-4848-964b-430fe41425cc
cd18d6c9-e466-4cc0-8136-4c4381b725b1,UKHO ID,12327,UK Hydrographic Office,cd18d6c9-e466-4cc0-8136-4c4381b725b1
ce5acfa6-ddec-4bd3-9a61-81d7f4b4e52b,UKHO ID,7370,UK Hydrographic Office,ce5acfa6-ddec-4bd3-9a61-81d7f4b4e52b
ced8549e-bf92-420e-9b0a-6bafca9a890d,UKHO ID,10055,UK Hydrographic Office,ced8549e-bf92-420e-9b0a-6bafca9a890d
cf475208-411d-4950-b96a-2fa66fe9704a,UKHO ID,62529,UK Hydrographic Office,cf475208-411d-4950-b96a-2fa66fe9704a
cfbccf66-1d6d-4882-8ea1-cdcf4843e86d,UKHO ID,10032,UK Hydrographic Office,cfbccf66-1d6d-4882-8ea1-cdcf4843e86d
d0230e49-7e63-4890-9acf-1eb055571738,UKHO ID,7018,UK Hydrographic Office,d0230e49-7e63-4890-9acf-1eb055571738
d1342eba-01c3-4abf-805e-42a8557520f3,UKHO ID,12465,UK Hydrographic Office,d1342eba-01c3-4abf-805e-42a8557520f3
d13e8b23-3b1e-4464-a397-02d26d413d09,UKHO ID,8223,UK Hydrographic Office,d13e8b23-3b1e-4464-a397-02d26d413d09
d17eec42-4051-4223-aded-3a1ccf5e87a8,UKHO ID,10035,UK Hydrographic Office,d17eec42-4051-4223-aded-3a1ccf5e87a8
d19208d0-888d-49e7-bf16-ed5a8b1e92ca,UKHO ID,12022,UK Hydrographic Office,d19208d0-888d-49e7-bf16-ed5a8b1e92ca
d20807a1-f6c9-40f5-be7d-ed448e98a29a,UKHO ID,12495,UK Hydrographic Office,d20807a1-f6c9-40f5-be7d-ed448e98a29a
d225c3a9-565f-4f23-873d-85a0702b89a1,UKHO ID,10118,UK Hydrographic Office,d225c3a9-565f-4f23-873d-85a0702b89a1
d2ded6e0-6a3b-41c7-a586-dccf4eda8038,UKHO ID,12336,UK Hydrographic Office,d2ded6e0-6a3b-41c7-a586-dccf4eda8038
d31384e7-a7fb-418b-b874-377864294e9d,UKHO ID,7402,UK Hydrographic Office,d31384e7-a7fb-418b-b874-377864294e9d
d384d32f-f0fd-4e38-8ab9-24efc0f49ac2,UKHO ID,8227,UK Hydrographic Office,d384d32f-f0fd-4e38-8ab9-24efc0f49ac2
d415e9f8-b045-4027-be58-d600234480b9,UKHO ID,8207,UK Hydrographic Office,d415e9f8-b045-4027-be58-d600234480b9
d47933e0-b014-452c-9d85-083b1ee778e1,UKHO ID,9909,UK Hydrographic Office,d47933e0-b014-452c-9d85-083b1ee778e1
d49a053a-3b4c-402d-b7d9-06505424dd34,UKHO ID,7562,UK Hydrographic Office,d49a053a-3b4c-402d-b7d9-06505424dd34
d506dc91-417b-4dde-b016-17aa546ca187,UKHO ID,12421,UK Hydrographic Office,d506dc91-417b-4dde-b016-17aa546ca187
d5185cce-286b-45a0-95f4-e75cadc94cc3,UKHO ID,8218,UK Hydrographic Office,d5185cce-286b-45a0-95f4-e75cadc94cc3
d53dd888-857b-4249-a3d6-5ac71672cc42,UKHO ID,12591,UK Hydrographic Office,d53dd888-857b-4249-a3d6-5ac71672cc42
d5aab9ec-884b-4702-857c-0ef1d495b6f9,UKHO ID,8215,UK Hydrographic Office,d5aab9ec-884b-4702-857c-0ef1d495b6f9
d5cfabe6-20fe-40c5-a00d-f39e28139728,UKHO ID,12511,UK Hydrographic Office,d5cfabe6-20fe-40c5-a00d-f39e28139728
d6526e8d-d44e-4871-97ba-0f7b4dfece27,UKHO ID,7433,UK Hydrographic Office,d6526e8d-d44e-4871-97ba-0f7b4dfece27
d6748efe-5746-4d6f-b8a8-ac8264335cbe,UKHO ID,11888,UK Hydrographic Office,d6748efe-5746-4d6f-b8a8-ac8264335cbe
d68a4294-9dd1-46ba-b19d-a3770cf98adb,UKHO ID,7414,UK Hydrographic Office,d68a4294-9dd1-46ba-b19d-a3770cf98adb
d74bb4cd-f2e7-441b-b250-9c9bc2eddb59,UKHO ID,12434,UK Hydrographic Office,d74bb4cd-f2e7-441b-b250-9c9bc2eddb59
d7a9ca0c-b6e4-4e04-a111-c34768995383,UKHO ID,7329,UK Hydrographic Office,d7a9ca0c-b6e4-4e04-a111-c34768995383
d8fe8a47-e230-4044-8fd7-a5a292f5099e,UKHO ID,11957,UK Hydrographic Office,d8fe8a47-e230-4044-8fd7-a5a292f5099e
daf2c951-d921-426e-85b9-2a1f50eb7d47,UKHO ID,12046,UK Hydrographic Office,daf2c951-d921-426e-85b9-2a1f50eb7d47
db20041c-2f9b-4f8c-a29b-b03441bd25c6,UKHO ID,10036,UK Hydrographic Office,db20041c-2f9b-4f8c-a29b-b03441bd25c6
dc16cdb5-f6ca-4264-b0b2-feb76b0e399b,UKHO ID,9983,UK Hydrographic Office,dc16cdb5-f6ca-4264-b0b2-feb76b0e399b
dc16df35-8f0c-4271-a85b-83bdfe8ec577,UKHO ID,10057,UK Hydrographic Office,dc16df35-8f0c-4271-a85b-83bdfe8ec577
dcab771e-5fcc-44de-8ab3-e75327f20403,UKHO ID,9929,UK Hydrographic Office,dcab771e-5fcc-44de-8ab3-e75327f20403
dcd3e00c-511d-4342-a9cf-b9ac163bb0e7,UKHO ID,7310,UK Hydrographic Office,dcd3e00c-511d-4342-a9cf-b9ac163bb0e7
dcededcc-80f9-420e-b7e4-f74bccc8edc6,UKHO ID,8183,UK Hydrographic Office,dcededcc-80f9-420e-b7e4-f74bccc8edc6
dcfc14ce-5671-402d-8bfa-dac327fc06e5,UKHO ID,7439,UK Hydrographic Office,dcfc14ce-5671-402d-8bfa-dac327fc06e5
ddb2f653-f6fa-4574-b980-76fd7e9d314d,UKHO ID,7437,UK Hydrographic Office,ddb2f653-f6fa-4574-b980-76fd7e9d314d
de35276d-88ff-474c-a3c6-4d452ae1046e,UKHO ID,7949,UK Hydrographic Office,de35276d-88ff-474c-a3c6-4d452ae1046e
df158f3e-faef-4afd-8ed1-442c4efb13cb,UKHO ID,7274,UK Hydrographic Office,df158f3e-faef-4afd-8ed1-442c4efb13cb
df3ce36a-17e5-4502-83b0-8fc77891f809,UKHO ID,12045,UK Hydrographic Office,df3ce36a-17e5-4502-83b0-8fc77891f809
df3d6380-92c8-48fd-a083-120fd546f30a,UKHO ID,11696,UK Hydrographic Office,df3d6380-92c8-48fd-a083-120fd546f30a
dfb72e85-960f-4468-bc8a-c0f59e7bff4a,UKHO ID,10018,UK Hydrographic Office,dfb72e85-960f-4468-bc8a-c0f59e7bff4a
e00a13ba-2ae5-4073-9804-8db2b0d777df,UKHO ID,7028,UK Hydrographic Office,e00a13ba-2ae5-4073-9804-8db2b0d777df
e03288a6-031f-4457-940b-26a07e69fe51,UKHO ID,12541,UK Hydrographic Office,e03288a6-031f-4457-940b-26a07e69fe51
e03d5e64-7014-4c3b-aa2f-dfdbac653629,UKHO ID,7377,UK Hydrographic Office,e03d5e64-7014-4c3b-aa2f-dfdbac653629
e06a7a05-ad75-415d-8008-1da8328e56a3,UKHO ID,7259,UK Hydrographic Office,e06a7a05-ad75-415d-8008-1da8328e56a3
e0e33635-8573-471e-9f91-1644560b10a1,UKHO ID,12112,UK Hydrographic Office,e0e33635-8573-471e-9f91-1644560b10a1
e1901fa3-14d5-43ff-9c8c-7bf574e187bf,UKHO ID,9873,UK Hydrographic Office,e1901fa3-14d5-43ff-9c8c-7bf574e187bf
e20d45b5-7003-4673-9c02-68142dc57807,UKHO ID,7438,UK Hydrographic Office,e20d45b5-7003-4673-9c02-68142dc57807
e23d78a9-b0ca-4b0a-8798-47142d9869f3,UKHO ID,12058,UK Hydrographic Office,e23d78a9-b0ca-4b0a-8798-47142d9869f3
e2f7c86f-c70a-4e84-ab0a-87b50e9ca015,UKHO ID,10004,UK Hydrographic Office,e2f7c86f-c70a-4e84-ab0a-87b50e9ca015
e36b1865-1ae1-4126-8e4e-b7cdf5e944fb,UKHO ID,12100,UK Hydrographic Office,e36b1865-1ae1-4126-8e4e-b7cdf5e944fb
e372a7dc-7dfa-4de9-8477-32f0bab9e6c6,UKHO ID,7491,UK Hydrographic Office,e372a7dc-7dfa-4de9-8477-32f0bab9e6c6
e3b6fe2d-0f81-4666-a36a-c9fa8608fe41,UKHO ID,12066,UK Hydrographic Office,e3b6fe2d-0f81-4666-a36a-c9fa8608fe41
e3e3f478-06b7-436b-afe7-075577b0a4a7,UKHO ID,7234,UK Hydrographic Office,e3e3f478-06b7-436b-afe7-075577b0a4a7
e45bcf20-215f-4fa5-924d-02bbd3d1f2d2,UKHO ID,8219,UK Hydrographic Office,e45bcf20-215f-4fa5-924d-02bbd3d1f2d2
e495d87e-e884-41f0-9612-4674710cbd19,UKHO ID,7336,UK Hydrographic Office,e495d87e-e884-41f0-9612-4674710cbd19
e4ee75ad-5d75-42ef-aa02-3880f75ea140,UKHO ID,11727,UK Hydrographic Office,e4ee75ad-5d75-42ef-aa02-3880f75ea140
e5b6bd7f-362e-46e4-9706-33a95fa3b722,UKHO ID,12543,UK Hydrographic Office,e5b6bd7f-362e-46e4-9706-33a95fa3b722
e64b2e8d-57b0-4bbe-9fdb-cbd61a59954e,UKHO ID,8220,UK Hydrographic Office,e64b2e8d-57b0-4bbe-9fdb-cbd61a59954e
e692d2e0-165c-4a0d-b126-383471187a8c,UKHO ID,12284,UK Hydrographic Office,e692d2e0-165c-4a0d-b126-383471187a8c
e6acc7bc-83e0-49e3-8173-09561147a947,UKHO ID,12040,UK Hydrographic Office,e6acc7bc-83e0-49e3-8173-09561147a947
e8ee0cbc-f0bd-4037-a9bf-fa021fceb2b0,UKHO ID,10037,UK Hydrographic Office,e8ee0cbc-f0bd-4037-a9bf-fa021fceb2b0
e98863ef-0196-4322-be3d-ebff76f90e10,UKHO ID,7701,UK Hydrographic Office,e98863ef-0196-4322-be3d-ebff76f90e10
e99aa37e-9c97-431e-a836-cd5debd9124c,UKHO ID,8182,UK Hydrographic Office,e99aa37e-9c97-431e-a836-cd5debd9124c
ea98bc62-c7d6-4a0e-8b57-8ad975f81eee,UKHO ID,7429,UK Hydrographic Office,ea98bc62-c7d6-4a0e-8b57-8ad975f81eee
eaa0e363-88af-4d85-9d05-dd1270df4ef6,UKHO ID,16119,UK Hydrographic Office,eaa0e363-88af-4d85-9d05-dd1270df4ef6
eaf95757-a867-4989-89ca-ec5d8f3ddde5,UKHO ID,9935,UK Hydrographic Office,eaf95757-a867-4989-89ca-ec5d8f3ddde5
eb4587e4-7ac1-43bf-a80b-4df4ab391d83,UKHO ID,10017,UK Hydrographic Office,eb4587e4-7ac1-43bf-a80b-4df4ab391d83
ec2a67be-3930-4029-a433-8e33fc0b850e,UKHO ID,10053,UK Hydrographic Office,ec2a67be-3930-4029-a433-8e33fc0b850e
ec401a39-c18a-4ec1-af9b-69980922f76c,UKHO ID,12504,UK Hydrographic Office,ec401a39-c18a-4ec1-af9b-69980922f76c
ec8ff19c-2ba0-48ca-9f2c-69f0583dd58e,UKHO ID,7327,UK Hydrographic Office,ec8ff19c-2ba0-48ca-9f2c-69f0583dd58e
ed075ddf-4705-4d13-8d75-e75543b1d68b,UKHO ID,11646,UK Hydrographic Office,ed075ddf-4705-4d13-8d75-e75543b1d68b
ed2ed057-3b0e-41c1-b5fb-f0b188a256b4,UKHO ID,11645,UK Hydrographic Office,ed2ed057-3b0e-41c1-b5fb-f0b188a256b4
edda2d40-c24e-4dcb-b4ae-13a35bfef18b,UKHO ID,7363,UK Hydrographic Office,edda2d40-c24e-4dcb-b4ae-13a35bfef18b
edefdd44-36ec-4924-9b2c-e035e60db77c,UKHO ID,12088,UK Hydrographic Office,edefdd44-36ec-4924-9b2c-e035e60db77c
ee474d59-26fb-492a-91ec-3f2051bc1f7c,UKHO ID,7314,UK Hydrographic Office,ee474d59-26fb-492a-91ec-3f2051bc1f7c
ee49388b-b76c-4854-92ca-6532b1ef4f9b,UKHO ID,12035,UK Hydrographic Office,ee49388b-b76c-4854-92ca-6532b1ef4f9b
eeb5523f-824c-4e93-a12d-322276f994f3,UKHO ID,11990,UK Hydrographic Office,eeb5523f-824c-4e93-a12d-322276f994f3
eec935c8-eb8f-463c-861b-7b2c2fbc85d7,UKHO ID,7000,UK Hydrographic Office,eec935c8-eb8f-463c-861b-7b2c2fbc85d7
ef2e5dd7-e954-4afa-b5bc-c7da5a0c8bc8,UKHO ID,8208,UK Hydrographic Office,ef2e5dd7-e954-4afa-b5bc-c7da5a0c8bc8
ef5f70de-fb4d-4e47-97b8-c41fdaf4735e,UKHO ID,9987,UK Hydrographic Office,ef5f70de-fb4d-4e47-97b8-c41fdaf4735e
ef68025d-d1ea-41d0-98d0-bd04b122e5bc,UKHO ID,11938,UK Hydrographic Office,ef68025d-d1ea-41d0-98d0-bd04b122e5bc
efbac8ff-88a2-409b-a926-e0852313c6d5,UKHO ID,12493,UK Hydrographic Office,efbac8ff-88a2-409b-a926-e0852313c6d5
efc366c5-1859-4b7a-bf7e-3d30b1f2e173,UKHO ID,11668,UK Hydrographic Office,efc366c5-1859-4b7a-bf7e-3d30b1f2e173
f084061d-6088-4a2c-b662-802973fbe07d,UKHO ID,12427,UK Hydrographic Office,f084061d-6088-4a2c-b662-802973fbe07d
f0a7540a-8787-4ed5-9c2e-36f54bf32c00,UKHO ID,7338,UK Hydrographic Office,f0a7540a-8787-4ed5-9c2e-36f54bf32c00
f0fe24a5-d0b3-468b-b7af-21f8decf473f,UKHO ID,12450,UK Hydrographic Office,f0fe24a5-d0b3-468b-b7af-21f8decf473f
f110d53d-8507-46fd-b043-681f270dc50b,UKHO ID,8156,UK Hydrographic Office,f110d53d-8507-46fd-b043-681f270dc50b
f18aa8ba-0b5a-4c1b-b3d6-302b585db3e4,UKHO ID,12503,UK Hydrographic Office,f18aa8ba-0b5a-4c1b-b3d6-302b585db3e4
f19636a2-67a2-4f47-a8b8-f83c79024e2f,UKHO ID,10109,UK Hydrographic Office,f19636a2-67a2-4f47-a8b8-f83c79024e2f
f1d45517-9217-471a-998a-deb6bc26f8db,UKHO ID,10038,UK Hydrographic Office,f1d45517-9217-471a-998a-deb6bc26f8db
f2c7596f-b84d-4229-95b1-5f985bd7647d,UKHO ID,12469,UK Hydrographic Office,f2c7596f-b84d-4229-95b1-5f985bd7647d
f31b6fb1-59aa-46ac-bb72-23f3845b3dbb,UKHO ID,11651,UK Hydrographic Office,f31b6fb1-59aa-46ac-bb72-23f3845b3dbb
f39dda78-a8f8-4d08-a9b1-281d56cac7f9,UKHO ID,7162,UK Hydrographic Office,f39dda78-a8f8-4d08-a9b1-281d56cac7f9
f426da18-a609-4560-83a6-17cae386f4fa,UKHO ID,11670,UK Hydrographic Office,f426da18-a609-4560-83a6-17cae386f4fa
f4b253a9-6458-41c7-9e09-10c5befdca69,UKHO ID,8263,UK Hydrographic Office,f4b253a9-6458-41c7-9e09-10c5befdca69
f5124047-eb6c-4b48-9104-99e02714273d,UKHO ID,9985,UK Hydrographic Office,f5124047-eb6c-4b48-9104-99e02714273d
f52322f0-17dd-49c3-809b-3a48e7f3dabe,UKHO ID,12160,UK Hydrographic Office,f52322f0-17dd-49c3-809b-3a48e7f3dabe
f53da8ad-070f-41a0-a42c-4a6894dff985,UKHO ID,12446,UK Hydrographic Office,f53da8ad-070f-41a0-a42c-4a6894dff985
f612b536-4959-4bc0-a71a-b5c2cdcdd98f,UKHO ID,9962,UK Hydrographic Office,f612b536-4959-4bc0-a71a-b5c2cdcdd98f
f754ff71-053a-4a89-8a90-5053af0ef3c3,UKHO ID,12513,UK Hydrographic Office,f754ff71-053a-4a89-8a90-5053af0ef3c3
f76410b4-2990-497d-9c0c-4d851174ac99,UKHO ID,11676,UK Hydrographic Office,f76410b4-2990-497d-9c0c-4d851174ac99
f77acfdb-82e0-4056-b1d6-65124bd42ce2,UKHO ID,12108,UK Hydrographic Office,f77acfdb-82e0-4056-b1d6-65124bd42ce2
f7c7fb1d-62ca-4254-9f9b-fa1b84cf2ab2,UKHO ID,7074,UK Hydrographic Office,f7c7fb1d-62ca-4254-9f9b-fa1b84cf2ab2
f7ed3e28-21c3-4462-9a65-3db429769501,UKHO ID,7036,UK Hydrographic Office,f7ed3e28-21c3-4462-9a65-3db429769501
f84fde16-226e-48b0-8e83-9891411cd4a5,UKHO ID,7456,UK Hydrographic Office,f84fde16-226e-48b0-8e83-9891411cd4a5
f8b6a39d-a59f-4bcd-bf29-d4773c84546c,UKHO ID,10015,UK Hydrographic Office,f8b6a39d-a59f-4bcd-bf29-d4773c84546c
f8eebcee-b541-46cb-bc4a-bfdf46278050,UKHO ID,11675,UK Hydrographic Office,f8eebcee-b541-46cb-bc4a-bfdf46278050
f96c32f8-aa04-492a-b1e4-7dc9c12128fe,UKHO ID,8225,UK Hydrographic Office,f96c32f8-aa04-492a-b1e4-7dc9c12128fe
fa039868-7c41-40f7-aa08-9acad15b05e2,UKHO ID,7171,UK Hydrographic Office,fa039868-7c41-40f7-aa08-9acad15b05e2
fa146a89-e09b-459c-8f52-590d08c9b120,UKHO ID,7160,UK Hydrographic Office,fa146a89-e09b-459c-8f52-590d08c9b120
fa2ab606-f7fe-41a2-8cc4-70ce9e66651f,UKHO ID,12454,UK Hydrographic Office,fa2ab606-f7fe-41a2-8cc4-70ce9e66651f
fa462145-e5d5-4106-afe8-03344957d893,UKHO ID,12356,UK Hydrographic Office,fa462145-e5d5-4106-afe8-03344957d893
fabbe6e3-fb0c-4196-a8f8-9425dfa7ce90,UKHO ID,58693,UK Hydrographic Office,fabbe6e3-fb0c-4196-a8f8-9425dfa7ce90
fae19fbd-6eba-472b-b8ec-e991e00e09ad,UKHO ID,9976,UK Hydrographic Office,fae19fbd-6eba-472b-b8ec-e991e00e09ad
fc1bb6e2-6865-4fbc-b49e-c788597566f0,UKHO ID,6987,UK Hydrographic Office,fc1bb6e2-6865-4fbc-b49e-c788597566f0
fc903745-2dac-466f-a760-fd94baecb809,UKHO ID,12183,UK Hydrographic Office,fc903745-2dac-466f-a760-fd94baecb809
fca37cbb-e2b9-4371-a5d0-f226d2429c4e,UKHO ID,11981,UK Hydrographic Office,fca37cbb-e2b9-4371-a5d0-f226d2429c4e
fcfbd123-2ac9-4886-a7aa-3ba3af77b0ec,UKHO ID,8229,UK Hydrographic Office,fcfbd123-2ac9-4886-a7aa-3ba3af77b0ec
fd544d85-56e7-4c1b-9823-659fcd4087e9,UKHO ID,9911,UK Hydrographic Office,fd544d85-56e7-4c1b-9823-659fcd4087e9
fd9cd289-1ae4-47ff-a63d-4d984c3d6839,UKHO ID,11917,UK Hydrographic Office,fd9cd289-1ae4-47ff-a63d-4d984c3d6839
fec48962-78bc-4088-a2bf-95ced202e1dc,UKHO ID,16130,UK Hydrographic Office,fec48962-78bc-4088-a2bf-95ced202e1dc
fee92a02-c7cd-4b9b-8d01-13f11f6f8b6a,UKHO ID,12505,UK Hydrographic Office,fee92a02-c7cd-4b9b-8d01-13f11f6f8b6a
ff47d343-5316-4574-a5f4-7ffdb0ba3d52,UKHO ID,11638,UK Hydrographic Office,ff47d343-5316-4574-a5f4-7ffdb0ba3d52
ff59693f-a108-4270-8fbd-0acd5b948370,UKHO ID,7507,UK Hydrographic Office,ff59693f-a108-4270-8fbd-0acd5b948370
