NUMLINK,ResourceID,Location_Accuracy,Mapsheet,KMSQ
710074,710074,Grid reference taken at centre of site,ST29NW,ST2195
710075,710075,Grid reference taken at centre of site,SO00SW,SO0101
710076,710076,Grid reference taken at centre of site,SO00SW,SO0101
710077,710077,Grid reference taken at centre of site,SN59NE,SN5996
710078,710078,Grid reference taken at centre of site,SO21SE,SO2914
710079,710079,Grid reference taken at centre of site,SH97NW,SH9477
710080,710080,Grid reference taken at centre of site,SS88SE,SS8984
710081,710081,Grid reference taken at centre of site,SS88SE,SS8984
710082,710082,Grid reference taken at centre of site,SO20SE,SO2703
710083,710083,Grid reference taken at centre of site,SO20SW,SO2103
710084,710084,Grid reference taken at centre of site,SN58SE,SN5881
710085,710085,Grid reference taken at centre of site,SH49SW,SH4492
710086,710086,Grid reference taken at centre of site,SN61SW,SN6213
710087,710087,Grid reference taken at centre of site,SH93NW,SH9236
710088,710088,Grid reference taken at centre of site,SO10SE,SO1500
710089,710089,Grid reference taken at centre of site,SO10SE,SO1500
710090,710090,Grid reference taken at centre of site,ST16NW,ST1167
710091,710091,Grid reference taken at centre of site,ST16NW,ST1469
710092,710092,Grid reference taken at centre of site,SH57NE,SH5976
710093,710093,Grid reference taken at centre of site,SO00SE,SO0901
710094,710094,Grid reference taken at centre of site,SO10NW,SO1408
710095,710095,Grid reference taken at centre of site,SH66NW,SH6167
710096,710096,Grid reference taken at centre of site,SH75NE,SH7956
710097,710097,Grid reference taken at centre of site,ST19NE,ST1797
710098,710098,Grid reference taken at centre of site,ST19NE,ST1796
710099,710099,Grid reference taken at centre of site,SH74NW,SH7045
710100,710100,Grid reference taken at centre of site,SO20NE,SO2508
710101,710101,Grid reference taken at centre of site,SO10NE,SO1907
710102,710102,Grid reference taken at centre of site,SO02NW,SO0428
710103,710103,Grid reference taken at centre of site,SS98SW,SS9080
710104,710104,Grid reference taken at centre of site,SS98SW,SS9080
710105,710105,Grid reference taken at centre of site,SS97NW,SS9179
710106,710106,Grid reference taken at centre of site,SS79SW,SS7394
710107,710107,Grid reference taken at centre of site,SJ25SE,SJ2953
710108,710108,Grid reference taken at centre of site,SJ26SE,SJ2964
710109,710109,Grid reference taken at centre of site,SO05SW,SO0451
710110,710110,Grid reference taken at centre of site,ST27NW,ST2076
710111,710111,Grid reference taken at centre of site,SS89SE,SS8594
710112,710112,Grid reference taken at centre of site,SH46SE,SH4861
710113,710113,Grid reference taken at centre of site,ST18NE,ST1687
710114,710114,Grid reference taken at centre of site,ST18NE,ST1587
710115,710115,Grid reference taken at centre of site,ST17NE,ST1876
710116,710116,Grid reference taken at centre of site,ST17NE,ST1876
710117,710117,Grid reference taken at centre of site,SN14NE,SN1746
710118,710118,Grid reference taken at centre of site,SN41NW,SN4019
710119,710119,Grid reference taken at centre of site,SJ24SE,SJ2742
710120,710120,Grid reference taken at centre of site,ST59SW,ST5394
710121,710121,Grid reference taken at centre of site,ST59SW,ST5391
710122,710122,Grid reference taken at centre of site,SJ23NE,SJ2937
710123,710123,Grid reference taken at centre of site,SN60SE,SN6800
710124,710124,Grid reference taken at centre of site,SH87NW,SH8379
710125,710125,Grid reference taken at centre of site,SJ36NW,SJ3069
710126,710126,Grid reference taken at centre of site,SH77NE,SH7778
710127,710127,Grid reference taken at centre of site,SJ04SE,SJ0843
710128,710128,Grid reference taken at centre of site,SS97SE,SS9974
710129,710129,Grid reference taken at centre of site,SO21NW,SO2118
710130,710130,Grid reference taken at centre of site,ST29NW,ST2198
710131,710131,Grid reference taken at centre of site,ST29NW,ST2198
710132,710132,Grid reference taken at centre of site,SS79SE,SS7892
710133,710133,Grid reference taken at centre of site,ST29NE,ST2995
710134,710134,Grid reference taken at centre of site,SJ06NE,SJ0566
710135,710135,Grid reference taken at centre of site,SO00NE,SO0607
710136,710136,Grid reference taken at centre of site,SO10NE,SO1709
710137,710137,Grid reference taken at centre of site,ST09NW,ST0097
710138,710138,Grid reference taken at centre of site,SM93NW,SM9437
710139,710139,Grid reference taken at centre of site,SJ27SW,SJ2473
710140,710140,Grid reference taken at centre of site,ST09SW,ST0390
710141,710141,Grid reference taken at centre of site,SS89NW,SS8495
710142,710142,Grid reference taken at centre of site,SS59NE,SS5896
710143,710143,Grid reference taken at centre of site,SM91NE,SM9515
710144,710144,Grid reference taken at centre of site,SJ36NW,SJ3265
710145,710145,Grid reference taken at centre of site,SO24SW,SO2342
710146,710146,Grid reference taken at centre of site,ST19NE,ST1595
710147,710147,Grid reference taken at centre of site,SN90NE,SN9605
710148,710148,Grid reference taken at centre of site,SJ45SW,SJ4053
710149,710149,Grid reference taken at centre of site,SH28SE,SH2582
710150,710150,Grid reference taken at centre of site,SH28SW,SH2481
710151,710151,Grid reference taken at centre of site,SJ17NE,SJ1977
710152,710152,Grid reference taken at centre of site,SN40NW,SN4006
710153,710153,Grid reference taken at centre of site,SO27SE,SO2972
710154,710154,Grid reference taken at centre of site,SH56SE,SH5760
710155,710155,Grid reference taken at centre of site,SS79SW,SS7294
710156,710156,Grid reference taken at centre of site,SH93NE,SH9836
710157,710157,Grid reference taken at centre of site,SN62SW,SN6221
710158,710158,Grid reference taken at centre of site,SN73SE,SN7634
710159,710159,Grid reference taken at centre of site,SO06SE,SO0662
710160,710160,Grid reference taken at centre of site,SH78SE,SH7881
710161,710161,Grid reference taken at centre of site,SH67SE,SH6673
710162,710162,Grid reference taken at centre of site,SJ11NW,SJ1419
710163,710163,Grid reference taken at centre of site,SH47NE,SH4575
710164,710164,Grid reference taken at centre of site,SN98SE,SN9584
710165,710165,Grid reference taken at centre of site,SH76SE,SH7961
710166,710166,Grid reference taken at centre of site,ST08SW,ST0381
710167,710167,Grid reference taken at centre of site,SN84NE,SN8746
710168,710168,Grid reference taken at centre of site,SS99SE,SS9993
710169,710169,Grid reference taken at centre of site,SH70SW,SH7400
710170,710170,Grid reference taken at centre of site,SS89SE,SS8590
710171,710171,Grid reference taken at centre of site,SS78NE,SS7788
710172,710172,Grid reference taken at centre of site,SS78NE,SS7788
710173,710173,Grid reference taken at centre of site,SO00NW,SO0405
710174,710174,Grid reference taken at centre of site,SO00SE,SO0504
710175,710175,Grid reference taken at centre of site,ST09NE,ST0799
710176,710176,Grid reference taken at centre of site,SM90NW,SM9006
710177,710177,Grid reference taken at centre of site,SJ26SW,SJ2463
710178,710178,Grid reference taken at centre of site,SO29NW,SO2296
710179,710179,Grid reference taken at centre of site,ST09NW,ST0499
710180,710180,Grid reference taken at centre of site,ST19SE,ST1794
710181,710181,Grid reference taken at centre of site,SH45SE,SH4852
710182,710182,Grid reference taken at centre of site,SN11SW,SN1014
710183,710183,Grid reference taken at centre of site,SS79NE,SS7597
710184,710184,Grid reference taken at centre of site,SS79NW,SS7497
710185,710185,Grid reference taken at centre of site,ST19NW,ST1195
710186,710186,Grid reference taken at centre of site,ST38NW,ST3086
710187,710187,Grid reference taken at centre of site,SO19SW,SO1091
710188,710188,Grid reference taken at centre of site,SO10SW,SO1303
710189,710189,Grid reference taken at centre of site,SM90NE,SM9605
710190,710190,Grid reference taken at centre of site,SM90NE,SM9605
710191,710191,Grid reference taken at centre of site,SJ34SE,SJ3741
710192,710192,Grid reference taken at centre of site,SM90SE,SM9801
710193,710193,Grid reference taken at centre of site,SM90SE,SM9703
710194,710194,Grid reference taken at centre of site,ST09NE,ST0697
710195,710195,Grid reference taken at centre of site,SJ18SW,SJ1283
710196,710196,Grid reference taken at centre of site,SN50SE,SN5804
710197,710197,Grid reference taken at centre of site,SN50SE,SN5903
710198,710198,Grid reference taken at centre of site,SN70SW,SN7204
710199,710199,Grid reference taken at centre of site,SO10NW,SO1106
710200,710200,Grid reference taken at centre of site,SO20SE,SO2800
710201,710201,Grid reference taken at centre of site,ST29NE,ST2999
710202,710202,Grid reference taken at centre of site,ST09SE,ST0790
710203,710203,Grid reference taken at centre of site,ST08NE,ST0889
710204,710204,Grid reference taken at centre of site,SH53NE,SH5738
710205,710205,Grid reference taken at centre of site,SS78NE,SS7589
710206,710206,Grid reference taken at centre of site,SJ08SE,SJ0682
710207,710207,Grid reference taken at centre of site,SO36SW,SO3164
710208,710208,Grid reference taken at centre of site,SH33SE,SH3734
710209,710209,Grid reference taken at centre of site,ST09NE,ST0996
710210,710210,Grid reference taken at centre of site,SN96NE,SN9667
710211,710211,Grid reference taken at centre of site,SS99SE,SS9894
710212,710212,Grid reference taken at centre of site,SO10NW,SO1106
710213,710213,Grid reference taken at centre of site,SJ24NE,SJ2946
710214,710214,Grid reference taken at centre of site,SJ08SW,SJ0080
710215,710215,Grid reference taken at centre of site,ST28NW,ST2489
710216,710216,Grid reference taken at centre of site,SJ34SW,SJ3043
710217,710217,Grid reference taken at centre of site,SJ07SW,SJ0374
710218,710218,Grid reference taken at centre of site,SM72SW,SM7324
710219,710219,Grid reference taken at centre of site,SS69SE,SS6593
710220,710220,Grid reference taken at centre of site,SS69NE,SS6797
710221,710221,Grid reference taken at centre of site,ST18SW,ST1183
710222,710222,Grid reference taken at centre of site,SN10SW,SN1301
710223,710223,Grid reference taken at centre of site,SH50SE,SH5800
710224,710224,Grid reference taken at centre of site,SS99SE,SS9992
710225,710225,Grid reference taken at centre of site,SN82NE,SN8729
710226,710226,Grid reference taken at centre of site,SS99NE,SS9597
710227,710227,Grid reference taken at centre of site,SO30SE,SO3800
710228,710228,Grid reference taken at centre of site,SJ20NW,SJ2307
710229,710229,Grid reference taken at centre of site,SN21NW,SN2016
710230,710230,Grid reference taken at centre of site,SJ34NW,SJ3349
710231,710231,Grid reference taken at centre of site,SJ34NE,SJ3848
710232,710232,Grid reference taken at centre of site,SN70NE,SN7607
710233,710233,Grid reference taken at centre of site,ST29SW,ST2194
710234,710234,Grid reference taken at centre of site,SO00SW,SO0201
710235,710235,Grid reference taken at centre of site,SS79NE,SS7799
710236,710236,Grid reference taken at centre of site,SO20SE,SO2503
710237,710237,Grid reference taken at centre of site,SN40SW,SN4400
710238,710238,Grid reference taken at centre of site,SJ24SE,SJ2941
710239,710239,Grid reference taken at centre of site,ST59SW,ST5393
710240,710240,Grid reference taken at centre of site,SN50SW,SN5301
710241,710241,Grid reference taken at centre of site,SS59NW,SS5098
710242,710242,Grid reference taken at centre of site,SS59NW,SS5099
710243,710243,Grid reference taken at centre of site,ST08SW,ST0382
710244,710244,Grid reference taken at centre of site,SO00SW,SO0300
710245,710245,Grid reference taken at centre of site,SJ26SW,SJ2364
710246,710246,Grid reference taken at centre of site,SS79NW,SS7496
710247,710247,Grid reference taken at centre of site,SS79NE,SS7598
710248,710248,Grid reference taken at centre of site,ST38NW,ST3186
710249,710249,Grid reference taken at centre of site,SJ06NE,SJ0565
710250,710250,Grid reference taken at centre of site,ST29SE,ST2994
710251,710251,Grid reference taken at centre of site,SN50SE,SN5803
710252,710252,Grid reference taken at centre of site,SN50SE,SN5904
710253,710253,Grid reference taken at centre of site,SO20SE,SO2800
710254,710254,Grid reference taken at centre of site,SS78NE,SS7689
710255,710255,Grid reference taken at centre of site,ST29SW,ST2390
710256,710256,Grid reference taken at centre of site,ST28NE,ST2688
710257,710257,Grid reference taken at centre of site,SH57SE,SH5570
710258,710258,Grid reference taken at centre of site,SJ36NE,SJ3865
710259,710259,Grid reference taken at centre of site,SJ36NE,SJ3765
710260,710260,Grid reference taken at centre of site,SJ36NE,SJ3765
710261,710261,Grid reference taken at centre of site,SS69SE,SS6792
710262,710262,Grid reference taken at centre of site,SS69SE,SS6592
710263,710263,Grid reference taken at centre of site,SS69SW,SS6494
710264,710264,Grid reference taken at centre of site,SS69NE,SS6695
710265,710265,Grid reference taken at centre of site,SO20NE,SO2606
710266,710266,Grid reference taken at centre of site,ST27NW,ST2075
710267,710267,Grid reference taken at centre of site,SS68NW,SS6087
710268,710268,Grid reference taken at centre of site,SS69SE,SS6594
710269,710269,Grid reference taken at centre of site,SS69SE,SS6893
710270,710270,Grid reference taken at centre of site,SS78NE,SS7689
710271,710271,Grid reference taken at centre of site,SS78NE,SS7785
710272,710272,Grid reference taken at centre of site,SS87NW,SS8179
710273,710273,Grid reference taken at centre of site,SS98SW,SS9082
710274,710274,Grid reference taken at centre of site,SS99SW,SS9090
710275,710275,Grid reference taken at centre of site,SS99SW,SS9391
710276,710276,Grid reference taken at centre of site,SS88NE,SS8689
710277,710277,Grid reference taken at centre of site,SS78NE,SS7786
710278,710278,Grid reference taken at centre of site,SS89NE,SS8696
710279,710279,Grid reference taken at centre of site,SS99NW,SS9198
710280,710280,Grid reference taken at centre of site,SN70SW,SN7204
710281,710281,Grid reference taken at centre of site,SS69NE,SS6695
710282,710282,Grid reference taken at centre of site,SS59NW,SS5495
710283,710283,Grid reference taken at centre of site,SM80NE,SM8906
710284,710284,Grid reference taken at centre of site,SH28SW,SH2481
710285,710285,Grid reference taken at centre of site,SH57SE,SH5671
710286,710286,Grid reference taken at centre of site,SH57SE,SH5671
710287,710287,Grid reference taken at centre of site,SH61NW,SH6016
710288,710288,Grid reference taken at centre of site,SH61NW,SH6116
710289,710289,Grid reference taken at centre of site,SN98SE,SN9584
710290,710290,Grid reference taken at centre of site,SO10NE,SO1707
710291,710291,Grid reference taken at centre of site,SO11SE,SO1610
710292,710292,Grid reference taken at centre of site,SO11SE,SO1611
710293,710293,Grid reference taken at centre of site,SO00NE,SO0608
710294,710294,Grid reference taken at centre of site,SJ07SE,SJ0874
710295,710295,Grid reference taken at centre of site,SJ14NE,SJ1645
710296,710296,Grid reference taken at centre of site,SJ18SE,SJ1581
710297,710297,Grid reference taken at centre of site,SJ27NW,SJ2275
710298,710298,Grid reference taken at centre of site,SJ35SW,SJ3052
710299,710299,Grid reference taken at centre of site,SJ35NE,SJ3557
710300,710300,Grid reference taken at centre of site,SJ35NE,SJ3657
710301,710301,Grid reference taken at centre of site,SJ36NW,SJ3367
710302,710302,Grid reference taken at centre of site,SJ36NE,SJ3765
710303,710303,Grid reference taken at centre of site,SJ24NE,SJ2846
710304,710304,Grid reference taken at centre of site,ST29NE,ST2997
710305,710305,Grid reference taken at centre of site,ST29SW,ST2291
710306,710306,Grid reference taken at centre of site,ST29SW,ST2291
710307,710307,Grid reference taken at centre of site,SO20SE,SO2700
710308,710308,Grid reference taken at centre of site,ST17NE,ST1775
710309,710309,Grid reference taken at centre of site,ST17NE,ST1579
710310,710310,Grid reference taken at centre of site,ST08NE,ST0888
710311,710311,Grid reference taken at centre of site,ST18NW,ST1185
710312,710312,Grid reference taken at centre of site,ST08SW,ST0482
710313,710313,Grid reference taken at centre of site,ST17NE,ST1777
710314,710314,Grid reference taken at centre of site,ST17NE,ST1975
710315,710315,Grid reference taken at centre of site,ST28NE,ST2687
710316,710316,Grid reference taken at centre of site,SS78NE,SS7788
710317,710317,Grid reference taken at centre of site,SS78NE,SS7687
710318,710318,Grid reference taken at centre of site,SS78NE,SS7787
710319,710319,Grid reference taken at centre of site,SS78NE,SS7785
710320,710320,Grid reference taken at centre of site,SS78NE,SS7785
710321,710321,Grid reference taken at centre of site,SS88SE,SS8984
710322,710322,Grid reference taken at centre of site,SO11SE,SO1611
710323,710323,Grid reference taken at centre of site,SJ04SE,SJ0843
710324,710324,Grid reference taken at centre of site,SJ37SW,SJ3070
710326,710326,Grid reference taken at centre of site,SS79NW,SS7495
710327,710327,Grid reference taken at centre of site,ST29NW,ST2198
710329,710329,Grid reference taken at centre of site,SH57SE,SH5771
710330,710330,Grid reference taken at centre of site,SN58SE,SN5882
710335,710335,Grid reference taken at centre of site,SS78NE,SS7788
710336,710336,Grid reference taken at centre of site,ST18NE,ST1889
