NUMLINK,ResourceID,NMRW_Evidence,Possible_Evidence
710074,710074,Documents,Not Applicable
710075,710075,Documents,Not Applicable
710076,710076,Documents,Not Applicable
710077,710077,Documents,Not Applicable
710078,710078,Documents,Not Applicable
710079,710079,Documents,Not Applicable
710080,710080,Documents,Not Applicable
710081,710081,Documents,Not Applicable
710082,710082,Documents,Not Applicable
710083,710083,Documents,Not Applicable
710084,710084,Documents,Not Applicable
710085,710085,Documents,Not Applicable
710086,710086,Documents,Not Applicable
710087,710087,Documents,Not Applicable
710088,710088,Documents,Not Applicable
710089,710089,Documents,Not Applicable
710090,710090,Documents,Not Applicable
710091,710091,Documents,Not Applicable
710092,710092,Documents,Not Applicable
710093,710093,Documents,Not Applicable
710094,710094,Documents,Not Applicable
710095,710095,Documents,Not Applicable
710096,710096,Documents,Not Applicable
710097,710097,Documents,Not Applicable
710098,710098,Documents,Not Applicable
710099,710099,Documents,Not Applicable
710100,710100,Documents,Not Applicable
710101,710101,Documents,Not Applicable
710102,710102,Documents,Not Applicable
710103,710103,Documents,Not Applicable
710104,710104,Documents,Not Applicable
710105,710105,Documents,Not Applicable
710106,710106,Documents,Not Applicable
710107,710107,Documents,Not Applicable
710108,710108,Documents,Not Applicable
710109,710109,Documents,Not Applicable
710110,710110,Documents,Not Applicable
710111,710111,Documents,Not Applicable
710112,710112,Documents,Not Applicable
710113,710113,Documents,Not Applicable
710114,710114,Documents,Not Applicable
710115,710115,Documents,Not Applicable
710116,710116,Documents,Not Applicable
710117,710117,Documents,Not Applicable
710118,710118,Documents,Not Applicable
710119,710119,Documents,Not Applicable
710120,710120,Documents,Not Applicable
710121,710121,Documents,Not Applicable
710122,710122,Documents,Not Applicable
710123,710123,Documents,Not Applicable
710124,710124,Documents,Not Applicable
710125,710125,Documents,Not Applicable
710126,710126,Documents,Not Applicable
710127,710127,Documents,Not Applicable
710128,710128,Documents,Not Applicable
710129,710129,Documents,Not Applicable
710130,710130,Documents,Not Applicable
710131,710131,Documents,Not Applicable
710132,710132,Documents,Not Applicable
710133,710133,Documents,Not Applicable
710134,710134,Documents,Not Applicable
710135,710135,Documents,Not Applicable
710136,710136,Documents,Not Applicable
710137,710137,Documents,Not Applicable
710138,710138,Documents,Not Applicable
710139,710139,Documents,Not Applicable
710140,710140,Documents,Not Applicable
710141,710141,Documents,Not Applicable
710142,710142,Documents,Not Applicable
710143,710143,Documents,Not Applicable
710144,710144,Documents,Not Applicable
710145,710145,Documents,Not Applicable
710146,710146,Documents,Not Applicable
710147,710147,Documents,Not Applicable
710148,710148,Documents,Not Applicable
710149,710149,Documents,Not Applicable
710150,710150,Documents,Not Applicable
710151,710151,Documents,Not Applicable
710152,710152,Documents,Not Applicable
710153,710153,Documents,Not Applicable
710154,710154,Documents,Not Applicable
710155,710155,Documents,Not Applicable
710156,710156,Documents,Not Applicable
710157,710157,Documents,Not Applicable
710158,710158,Documents,Not Applicable
710159,710159,Documents,Not Applicable
710160,710160,Documents,Not Applicable
710161,710161,Documents,Not Applicable
710162,710162,Documents,Not Applicable
710163,710163,Documents,Not Applicable
710164,710164,Documents,Not Applicable
710165,710165,Documents,Not Applicable
710166,710166,Documents,Not Applicable
710167,710167,Documents,Not Applicable
710168,710168,Documents,Not Applicable
710169,710169,Documents,Not Applicable
710170,710170,Documents,Not Applicable
710171,710171,Documents,Not Applicable
710172,710172,Documents,Not Applicable
710173,710173,Documents,Not Applicable
710174,710174,Documents,Not Applicable
710175,710175,Documents,Not Applicable
710176,710176,Documents,Not Applicable
710177,710177,Documents,Not Applicable
710178,710178,Documents,Not Applicable
710179,710179,Documents,Not Applicable
710180,710180,Documents,Not Applicable
710181,710181,Documents,Not Applicable
710182,710182,Documents,Not Applicable
710183,710183,Documents,Not Applicable
710184,710184,Documents,Not Applicable
710185,710185,Documents,Not Applicable
710186,710186,Documents,Not Applicable
710187,710187,Documents,Not Applicable
710188,710188,Documents,Not Applicable
710189,710189,Documents,Not Applicable
710190,710190,Documents,Not Applicable
710191,710191,Documents,Not Applicable
710192,710192,Documents,Not Applicable
710193,710193,Documents,Not Applicable
710194,710194,Documents,Not Applicable
710195,710195,Documents,Not Applicable
710196,710196,Documents,Not Applicable
710197,710197,Documents,Not Applicable
710198,710198,Documents,Not Applicable
710199,710199,Documents,Not Applicable
710200,710200,Documents,Not Applicable
710201,710201,Documents,Not Applicable
710202,710202,Documents,Not Applicable
710203,710203,Documents,Not Applicable
710204,710204,Documents,Not Applicable
710205,710205,Documents,Not Applicable
710206,710206,Documents,Not Applicable
710207,710207,Documents,Not Applicable
710208,710208,Documents,Not Applicable
710209,710209,Documents,Not Applicable
710210,710210,Documents,Not Applicable
710211,710211,Documents,Not Applicable
710212,710212,Documents,Not Applicable
710213,710213,Documents,Not Applicable
710214,710214,Documents,Not Applicable
710215,710215,Documents,Not Applicable
710216,710216,Documents,Not Applicable
710217,710217,Documents,Not Applicable
710218,710218,Documents,Not Applicable
710219,710219,Documents,Not Applicable
710220,710220,Documents,Not Applicable
710221,710221,Documents,Not Applicable
710222,710222,Documents,Not Applicable
710223,710223,Documents,Not Applicable
710224,710224,Documents,Not Applicable
710225,710225,Documents,Not Applicable
710226,710226,Documents,Not Applicable
710227,710227,Documents,Not Applicable
710228,710228,Documents,Not Applicable
710229,710229,Documents,Not Applicable
710230,710230,Documents,Not Applicable
710231,710231,Documents,Not Applicable
710232,710232,Documents,Not Applicable
710233,710233,Documents,Not Applicable
710234,710234,Documents,Not Applicable
710235,710235,Documents,Not Applicable
710236,710236,Documents,Not Applicable
710237,710237,Documents,Not Applicable
710238,710238,Documents,Not Applicable
710239,710239,Documents,Not Applicable
710240,710240,Documents,Not Applicable
710241,710241,Documents,Not Applicable
710242,710242,Documents,Not Applicable
710243,710243,Documents,Not Applicable
710244,710244,Documents,Not Applicable
710245,710245,Documents,Not Applicable
710246,710246,Documents,Not Applicable
710247,710247,Documents,Not Applicable
710248,710248,Documents,Not Applicable
710249,710249,Documents,Not Applicable
710250,710250,Documents,Not Applicable
710251,710251,Documents,Not Applicable
710252,710252,Documents,Not Applicable
710253,710253,Documents,Not Applicable
710254,710254,Documents,Not Applicable
710255,710255,Documents,Not Applicable
710256,710256,Documents,Not Applicable
710257,710257,Documents,Not Applicable
710258,710258,Documents,Not Applicable
710259,710259,Documents,Not Applicable
710260,710260,Documents,Not Applicable
710261,710261,Documents,Not Applicable
710262,710262,Documents,Not Applicable
710263,710263,Documents,Not Applicable
710264,710264,Documents,Not Applicable
710265,710265,Documents,Not Applicable
710266,710266,Documents,Not Applicable
710267,710267,Documents,Not Applicable
710268,710268,Documents,Not Applicable
710269,710269,Documents,Not Applicable
710270,710270,Documents,Not Applicable
710271,710271,Documents,Not Applicable
710272,710272,Documents,Not Applicable
710273,710273,Documents,Not Applicable
710274,710274,Documents,Not Applicable
710275,710275,Documents,Not Applicable
710276,710276,Documents,Not Applicable
710277,710277,Documents,Not Applicable
710278,710278,Documents,Not Applicable
710279,710279,Documents,Not Applicable
710280,710280,Documents,Not Applicable
710281,710281,Documents,Not Applicable
710282,710282,Documents,Not Applicable
710283,710283,Documents,Not Applicable
710284,710284,Documents,Not Applicable
710285,710285,Documents,Not Applicable
710286,710286,Documents,Not Applicable
710287,710287,Documents,Not Applicable
710288,710288,Documents,Not Applicable
710289,710289,Documents,Not Applicable
710290,710290,Documents,Not Applicable
710291,710291,Documents,Not Applicable
710292,710292,Documents,Not Applicable
710293,710293,Documents,Not Applicable
710294,710294,Documents,Not Applicable
710295,710295,Documents,Not Applicable
710296,710296,Documents,Not Applicable
710297,710297,Documents,Not Applicable
710298,710298,Documents,Not Applicable
710299,710299,Documents,Not Applicable
710300,710300,Documents,Not Applicable
710301,710301,Documents,Not Applicable
710302,710302,Documents,Not Applicable
710303,710303,Documents,Not Applicable
710304,710304,Documents,Not Applicable
710305,710305,Documents,Not Applicable
710306,710306,Documents,Not Applicable
710307,710307,Documents,Not Applicable
710308,710308,Documents,Not Applicable
710309,710309,Documents,Not Applicable
710310,710310,Documents,Not Applicable
710311,710311,Documents,Not Applicable
710312,710312,Documents,Not Applicable
710313,710313,Documents,Not Applicable
710314,710314,Documents,Not Applicable
710315,710315,Documents,Not Applicable
710316,710316,Documents,Not Applicable
710317,710317,Documents,Not Applicable
710318,710318,Documents,Not Applicable
710319,710319,Documents,Not Applicable
710320,710320,Documents,Not Applicable
710321,710321,Documents,Not Applicable
710322,710322,Documents,Not Applicable
710323,710323,Documents,Not Applicable
710324,710324,Documents,Not Applicable
710326,710326,Documents,Not Applicable
710327,710327,Documents,Not Applicable
710329,710329,Documents,Not Applicable
710330,710330,Documents,Not Applicable
710335,710335,Documents,Not Applicable
710336,710336,Documents,Not Applicable
